Date,Andorra,Austria,Belgium,Bulgaria,Croatia,Cyprus,Czechia,Denmark,Estonia,Finland,France,Germany,Greece,Hungary,Iceland,Ireland,Italy,Latvia,Liechtenstein,Lithuania,Luxembourg,Malta,Monaco,Montenegro,Netherlands,North Macedonia,Norway,Poland,Portugal,Romania,Serbia,Slovakia,Slovenia,Spain,Sweden,Switzerland,United Kingdom
1/22/20,0,0,0,0,0,0,0,0,0,0,0,0,0,0,0,0,0,0,0,0,0,0,0,0,0,0,0,0,0,0,0,0,0,0,0,0,0
1/23/20,0,0,0,0,0,0,0,0,0,0,0,0,0,0,0,0,0,0,0,0,0,0,0,0,0,0,0,0,0,0,0,0,0,0,0,0,0
1/24/20,0,0,0,0,0,0,0,0,0,0,2,0,0,0,0,0,0,0,0,0,0,0,0,0,0,0,0,0,0,0,0,0,0,0,0,0,0
1/25/20,0,0,0,0,0,0,0,0,0,0,3,0,0,0,0,0,0,0,0,0,0,0,0,0,0,0,0,0,0,0,0,0,0,0,0,0,0
1/26/20,0,0,0,0,0,0,0,0,0,0,3,0,0,0,0,0,0,0,0,0,0,0,0,0,0,0,0,0,0,0,0,0,0,0,0,0,0
1/27/20,0,0,0,0,0,0,0,0,0,0,3,1,0,0,0,0,0,0,0,0,0,0,0,0,0,0,0,0,0,0,0,0,0,0,0,0,0
1/28/20,0,0,0,0,0,0,0,0,0,0,4,4,0,0,0,0,0,0,0,0,0,0,0,0,0,0,0,0,0,0,0,0,0,0,0,0,0
1/29/20,0,0,0,0,0,0,0,0,0,1,5,4,0,0,0,0,0,0,0,0,0,0,0,0,0,0,0,0,0,0,0,0,0,0,0,0,0
1/30/20,0,0,0,0,0,0,0,0,0,1,5,4,0,0,0,0,0,0,0,0,0,0,0,0,0,0,0,0,0,0,0,0,0,0,0,0,0
1/31/20,0,0,0,0,0,0,0,0,0,1,5,5,0,0,0,0,2,0,0,0,0,0,0,0,0,0,0,0,0,0,0,0,0,0,0,0,2
2/1/20,0,0,0,0,0,0,0,0,0,1,6,8,0,0,0,0,2,0,0,0,0,0,0,0,0,0,0,0,0,0,0,0,0,1,1,0,2
2/2/20,0,0,0,0,0,0,0,0,0,1,6,10,0,0,0,0,2,0,0,0,0,0,0,0,0,0,0,0,0,0,0,0,0,1,1,0,2
2/3/20,0,0,0,0,0,0,0,0,0,1,6,12,0,0,0,0,2,0,0,0,0,0,0,0,0,0,0,0,0,0,0,0,0,1,1,0,8
2/4/20,0,0,1,0,0,0,0,0,0,1,6,12,0,0,0,0,2,0,0,0,0,0,0,0,0,0,0,0,0,0,0,0,0,1,1,0,8
2/5/20,0,0,1,0,0,0,0,0,0,1,6,12,0,0,0,0,2,0,0,0,0,0,0,0,0,0,0,0,0,0,0,0,0,1,1,0,9
2/6/20,0,0,1,0,0,0,0,0,0,1,6,12,0,0,0,0,2,0,0,0,0,0,0,0,0,0,0,0,0,0,0,0,0,1,1,0,9
2/7/20,0,0,1,0,0,0,0,0,0,1,6,13,0,0,0,0,3,0,0,0,0,0,0,0,0,0,0,0,0,0,0,0,0,1,1,0,9
2/8/20,0,0,1,0,0,0,0,0,0,1,11,13,0,0,0,0,3,0,0,0,0,0,0,0,0,0,0,0,0,0,0,0,0,1,1,0,13
2/9/20,0,0,1,0,0,0,0,0,0,1,11,14,0,0,0,0,3,0,0,0,0,0,0,0,0,0,0,0,0,0,0,0,0,2,1,0,14
2/10/20,0,0,1,0,0,0,0,0,0,1,11,14,0,0,0,0,3,0,0,0,0,0,0,0,0,0,0,0,0,0,0,0,0,2,1,0,14
2/11/20,0,0,1,0,0,0,0,0,0,1,11,16,0,0,0,0,3,0,0,0,0,0,0,0,0,0,0,0,0,0,0,0,0,2,1,0,15
2/12/20,0,0,1,0,0,0,0,0,0,1,11,16,0,0,0,0,3,0,0,0,0,0,0,0,0,0,0,0,0,0,0,0,0,2,1,0,16
2/13/20,0,0,1,0,0,0,0,0,0,1,11,16,0,0,0,0,3,0,0,0,0,0,0,0,0,0,0,0,0,0,0,0,0,2,1,0,17
2/14/20,0,0,1,0,0,0,0,0,0,1,11,16,0,0,0,0,3,0,0,0,0,0,0,0,0,0,0,0,0,0,0,0,0,2,1,0,18
2/15/20,0,0,1,0,0,0,0,0,0,1,12,16,0,0,0,0,3,0,0,0,0,0,0,0,0,0,0,0,0,0,0,0,0,2,1,0,18
2/16/20,0,0,1,0,0,0,0,0,0,1,12,16,0,0,0,0,3,0,0,0,0,0,0,0,0,0,0,0,0,0,0,0,0,2,1,0,18
2/17/20,0,0,1,0,0,0,0,0,0,1,12,16,0,0,0,0,3,0,0,0,0,0,0,0,0,0,0,0,0,0,0,0,0,2,1,0,19
2/18/20,0,0,1,0,0,0,0,0,0,1,12,16,0,0,0,0,3,0,0,0,0,0,0,0,0,0,0,0,0,0,0,0,0,2,1,0,19
2/19/20,0,0,1,0,0,0,0,0,0,1,12,16,0,0,0,0,3,0,0,0,0,0,0,0,0,0,0,0,0,0,0,0,0,2,1,0,20
2/20/20,0,0,1,0,0,0,0,0,0,1,12,16,0,0,0,0,3,0,0,0,0,0,0,0,0,0,0,0,0,0,0,0,0,2,1,0,22
2/21/20,0,0,1,0,0,0,0,0,0,1,12,16,0,0,0,0,20,0,0,0,0,0,0,0,0,0,0,0,0,0,0,0,0,2,1,0,23
2/22/20,0,0,1,0,0,0,0,0,0,1,12,16,0,0,0,0,62,0,0,0,0,0,0,0,0,0,0,0,0,0,0,0,0,2,1,0,23
2/23/20,0,0,1,0,0,0,0,0,0,1,12,16,0,0,0,0,155,0,0,0,0,0,0,0,0,0,0,0,0,0,0,0,0,2,1,0,28
2/24/20,0,0,1,0,0,0,0,0,0,1,12,16,0,0,0,0,229,0,0,0,0,0,0,0,0,0,0,0,0,0,0,0,0,2,1,0,30
2/25/20,0,2,1,0,1,0,0,0,0,1,14,17,0,0,0,0,322,0,0,0,0,0,0,0,0,0,0,0,0,0,0,0,0,6,1,1,34
2/26/20,0,2,1,0,3,0,0,0,0,2,18,27,1,0,0,0,453,0,0,0,0,0,0,0,0,1,1,0,0,1,0,0,0,13,2,1,37
2/27/20,0,3,1,0,3,0,0,1,1,2,38,46,3,0,0,0,655,0,0,0,0,0,0,0,1,1,1,0,0,1,0,0,0,15,3,8,44
2/28/20,0,3,1,0,5,0,0,1,1,2,57,48,4,0,1,0,888,0,0,0,0,0,0,0,1,1,6,0,0,3,0,0,0,32,11,8,56
2/29/20,0,9,1,0,6,0,0,3,1,3,100,79,4,0,1,1,1128,0,0,1,1,0,1,0,6,1,15,0,0,3,0,0,0,45,14,18,61
3/1/20,0,14,2,0,7,0,3,4,1,6,130,130,7,0,3,1,1694,0,0,1,1,0,1,0,10,1,19,0,0,3,0,0,0,84,14,27,94
3/2/20,1,18,8,0,7,0,3,4,1,6,191,159,7,0,6,1,2036,1,0,1,1,0,1,0,18,1,25,0,2,3,0,0,0,120,19,42,134
3/3/20,1,21,13,0,9,0,5,6,2,6,212,196,7,0,11,2,2502,1,0,1,1,0,1,0,24,1,32,0,2,3,0,0,0,165,32,56,189
3/4/20,1,29,23,0,10,0,8,10,2,6,285,262,9,2,26,6,3089,1,1,1,1,0,1,0,38,1,56,1,5,4,0,0,0,222,62,90,245
3/5/20,1,41,50,0,10,0,12,10,3,12,423,482,31,2,34,6,3858,1,1,1,1,0,1,0,82,1,87,1,8,6,0,0,2,259,87,114,294
3/6/20,1,55,109,0,11,0,18,23,10,15,613,670,45,2,43,18,4636,1,1,1,2,0,1,0,128,3,108,5,13,9,1,1,7,400,146,214,373
3/7/20,1,79,169,0,12,0,19,23,10,15,938,799,46,4,50,18,5883,1,1,1,2,3,1,0,188,3,147,5,20,9,1,1,7,500,179,268,428
3/8/20,1,104,200,4,12,0,31,35,10,23,1115,1040,73,7,50,19,7375,2,1,1,3,3,1,0,265,3,176,11,30,15,1,3,16,673,225,337,482
3/9/20,1,131,239,4,12,2,31,90,10,30,1401,1176,73,9,58,21,9172,6,1,1,3,3,1,0,321,3,205,16,30,15,1,3,16,1073,326,374,629
3/10/20,1,182,267,4,14,3,41,262,12,40,1773,1457,89,9,69,34,10149,8,1,1,5,5,1,0,382,7,400,22,41,25,5,7,31,1695,424,491,887
3/11/20,1,246,314,7,19,6,91,442,16,59,2281,1908,99,13,85,43,12462,10,1,3,7,6,1,0,503,7,598,31,59,45,12,10,57,2277,620,652,1298
3/12/20,1,302,314,7,19,6,94,615,16,59,2281,2078,99,13,103,43,15113,10,1,3,19,6,2,0,503,7,702,49,59,49,19,16,89,2277,771,652,1787
3/13/20,1,504,559,23,32,14,141,801,79,155,3661,3675,190,19,134,90,17660,17,1,4,34,12,2,0,804,14,996,68,112,89,35,32,141,5232,923,1139,2266
3/14/20,1,655,689,41,38,26,189,827,115,225,4469,4585,228,30,156,129,21157,26,4,6,51,18,2,0,959,14,1090,103,169,123,46,44,181,6391,994,1359,2630
3/15/20,1,860,886,51,49,26,253,864,171,244,4499,5795,331,32,171,129,24747,30,4,9,59,21,2,0,1135,14,1221,119,245,131,48,54,219,7798,1063,2200,3072
3/16/20,2,1018,1058,52,57,33,298,914,205,277,6633,7272,331,39,180,169,27980,34,4,12,77,30,7,0,1413,18,1333,177,331,158,55,63,253,9942,1146,2200,3684
3/17/20,39,1332,1243,67,65,46,396,977,225,321,7652,9257,387,50,220,223,31506,49,7,19,140,38,7,2,1705,26,1463,238,448,184,65,72,275,11748,1265,2700,4452
3/18/20,39,1646,1486,92,81,49,464,1057,258,336,9043,12327,418,58,250,292,35713,71,28,27,203,38,7,2,2051,35,1550,251,448,260,83,105,275,13910,1410,3028,5451
3/19/20,53,2013,1795,94,105,67,694,1151,267,400,10871,15320,418,73,330,557,41035,86,28,36,335,53,7,3,2460,48,1746,355,785,277,103,123,286,17963,1553,4075,6506
3/20/20,75,2388,2257,127,128,67,833,1255,283,450,12612,19848,495,85,409,683,47021,111,28,47,484,64,11,14,2994,67,1914,425,1020,308,135,137,341,20410,1733,5294,7760
3/21/20,88,2814,2815,163,206,84,995,1326,306,523,14282,22213,530,103,473,785,53578,124,37,69,670,73,11,14,3631,85,2118,536,1280,367,171,178,383,25374,1868,6575,8957
3/22/20,113,3582,3401,187,254,95,1120,1395,326,626,16533,24873,624,131,568,906,59138,139,37,111,798,90,23,21,4204,115,2385,634,1600,433,222,185,414,28768,1986,7474,10333
3/23/20,133,4474,3743,201,315,116,1236,1450,352,700,19856,29056,695,167,588,1125,63927,180,51,128,875,107,23,27,4749,136,2621,749,2060,576,249,186,442,35136,2168,8795,12668
3/24/20,164,5283,4269,218,382,124,1394,1591,369,792,22054,32986,743,187,648,1329,69176,197,51,166,1099,110,23,47,5560,148,2863,901,2362,794,303,204,480,39885,2398,9877,15039
3/25/20,188,5588,4937,242,442,132,1654,1724,404,880,24967,37323,821,226,737,1564,74386,221,51,208,1333,129,31,52,6412,177,3084,1051,2995,906,384,216,528,49515,2712,10897,17732
3/26/20,224,6909,6235,264,495,146,1925,1877,538,958,28856,43938,892,261,802,1819,80589,244,56,263,1453,134,33,69,7431,201,3369,1221,3544,1029,384,226,562,57786,2998,11811,20816
3/27/20,267,7657,7284,293,586,162,2279,2046,575,1041,32609,50871,966,300,890,2121,86498,280,56,292,1605,139,42,82,8603,219,3755,1389,4268,1292,457,269,632,65719,3363,12928,24017
3/28/20,308,8271,9134,331,657,179,2631,2201,645,1167,37162,57695,1061,343,963,2415,92472,305,56,339,1831,149,42,84,9762,241,4015,1638,5170,1452,659,292,684,73235,3663,14076,26839
3/29/20,334,8788,10836,346,713,214,2817,2395,679,1240,39761,62095,1156,408,1020,2615,97689,347,56,378,1950,151,46,85,10866,259,4284,1862,5962,1815,741,314,730,80110,3943,14829,29696
3/30/20,370,9618,11899,359,790,230,3001,2577,715,1352,44029,66885,1212,447,1086,2910,101739,376,62,424,1988,156,49,91,11750,285,4445,2055,6408,2109,785,336,756,87956,4359,15922,33969
3/31/20,376,10180,12775,399,867,262,3308,2860,745,1418,51579,71808,1314,492,1135,3235,105792,398,68,468,2178,169,52,109,12595,329,4641,2311,7443,2245,900,363,802,95923,4834,16605,38484
4/1/20,390,10711,13964,422,963,320,3508,3107,779,1446,56362,77872,1415,525,1220,3447,110574,446,68,512,2319,188,55,123,13614,354,4863,2554,8251,2460,1060,400,841,104118,5320,17768,43398
4/2/20,428,11129,15348,457,1011,356,3858,3386,858,1518,58404,84794,1544,585,1319,3849,115242,458,75,579,2487,196,60,144,14697,384,5147,2946,9034,2738,1171,426,897,112065,5874,18827,48263
4/3/20,439,11524,16770,485,1079,396,4091,3757,961,1615,63588,91159,1613,623,1364,4273,119827,493,76,631,2612,202,64,174,15723,430,5370,3383,9886,3183,1476,450,934,119199,6475,19606,53178
4/4/20,466,11781,18431,503,1126,426,4472,4077,1039,1882,46483,96092,1673,678,1417,4604,124632,509,77,683,2729,213,66,201,16627,483,5550,3627,10524,3613,1624,471,977,126168,6832,20505,57198
4/5/20,501,12051,19691,531,1182,446,4587,4369,1097,1927,47299,100123,1735,733,1486,4994,128948,533,77,716,2804,227,73,214,17851,555,5687,4102,11278,3864,1908,485,997,131646,7172,21100,60792
4/6/20,525,12297,20814,549,1222,465,4822,4681,1108,2176,49934,103374,1755,744,1562,5364,132547,542,77,750,2843,241,77,233,18803,570,5865,4413,11730,4057,2200,534,1021,136675,7561,21657,66067
4/7/20,545,12639,22194,577,1282,494,5017,5071,1149,2308,46400,107663,1832,817,1586,5709,135586,548,78,783,2970,293,79,241,19580,599,6086,4848,12442,4417,2447,581,1059,141942,8299,22253,71517
4/8/20,564,12942,23403,593,1343,526,5312,5402,1185,2487,50242,113296,1884,895,1616,6074,139422,577,78,821,3034,299,81,248,20549,617,6086,5205,13141,4761,2666,682,1091,148220,8954,23280,76646
4/9/20,583,13244,24983,618,1407,564,5569,5635,1207,2605,54003,118181,1955,980,1648,6574,143626,589,78,858,3115,337,84,252,21762,663,6211,5575,13956,5202,2867,701,1124,153222,9599,24051,81498
4/10/20,601,13555,26667,635,1495,595,5732,5819,1258,2769,55538,122171,2011,1190,1675,8089,147577,612,79,896,3223,350,90,255,23097,711,6314,5955,15472,5467,3105,715,1160,158273,10053,24551,85813
4/11/20,601,13806,28018,661,1534,616,5831,5996,1304,2905,56972,124908,2081,1310,1689,8928,152271,630,79,926,3270,370,92,263,24413,760,6409,6356,15987,5990,3380,728,1188,163027,10448,25107,89390
4/12/20,638,13945,29647,675,1600,633,5991,6174,1309,2974,107712,127854,2114,1410,1701,9655,156363,651,79,952,3281,378,93,272,25587,828,6525,6674,16585,6300,3630,742,1205,166831,10912,25415,92885
4/13/20,646,14041,30589,685,1650,662,6059,6318,1332,3064,110836,130072,2145,1458,1711,10647,159516,655,79,970,3292,384,93,274,26551,854,6603,6934,16934,6633,4054,769,1212,170099,11349,25688,97068
4/14/20,659,14226,31119,713,1704,695,6111,6511,1373,3161,128272,131359,2170,1512,1720,11479,162488,657,79,977,3307,393,93,283,27419,908,6623,7202,17448,6879,4465,835,1220,172541,11828,25936,101393
4/15/20,673,14336,33573,747,1741,715,6216,6681,1400,3237,131476,134753,2192,1579,1727,12547,165155,666,79,995,3373,399,93,288,28153,974,6740,7582,18091,7216,4873,863,1248,177644,12432,26336,106458
4/16/20,673,14476,34809,800,1791,735,6433,6879,1434,3369,144035,137698,2207,1652,1739,13271,168941,675,79,1022,3444,412,93,303,29214,1081,6896,7918,18841,7707,5318,977,1268,184948,13055,26732,111756
4/17/20,696,14595,36138,846,1814,750,6549,7073,1459,3489,145896,141397,2224,1763,1754,13980,172434,682,79,1050,3480,422,94,303,30449,1117,6937,8379,19022,8067,5690,1049,1304,190839,13743,27078,116721
4/18/20,704,14671,37183,878,1832,761,6606,7242,1512,3681,149683,143342,2235,1834,1760,14758,175925,712,79,1091,3537,426,94,307,31589,1170,7036,8742,19685,8418,5994,1089,1317,191726,14275,27404,121437
4/19/20,713,14749,38496,894,1871,767,6746,7384,1528,3783,150752,145184,2235,1916,1771,15251,178972,727,81,1153,3550,427,94,308,32655,1207,7078,9287,20206,8746,6318,1161,1330,198674,14663,27740,125289
4/20/20,717,14795,39983,929,1881,772,6900,7515,1535,3868,153197,147065,2245,1984,1773,15652,181228,739,81,1173,3558,431,94,312,33405,1225,7156,9593,20863,8936,6630,1173,1335,200210,15124,27944,130147
4/21/20,717,14873,40956,975,1908,784,7033,7695,1552,4014,155821,148291,2401,2098,1778,16040,183957,748,81,1226,3618,443,94,313,34134,1231,7191,9856,21379,9242,6890,1199,1344,204178,15831,28063,134907
4/22/20,723,14925,41889,1024,1950,790,7132,7912,1559,4129,157603,150648,2408,2168,1785,16671,187327,761,81,1250,3654,444,94,315,34842,1259,7338,10169,21982,9710,7144,1244,1353,208389,16553,28268,140397
4/23/20,723,15002,42797,1097,1981,795,7187,8073,1592,4284,155881,153129,2463,2284,1789,17607,189973,778,81,1272,3665,445,94,316,35729,1300,7401,10511,22353,10096,7276,1325,1366,213024,17311,28496,145540
4/24/20,731,15071,44293,1234,2009,804,7273,8210,1605,4395,158653,154999,2490,2443,1789,18184,192994,784,81,1291,3695,447,94,319,36535,1326,7463,10892,22797,10417,7483,1360,1373,202990,18090,28677,150513
4/25/20,738,15148,45325,1247,2016,810,7352,8445,1635,4475,160295,156513,2506,2443,1790,18561,195351,804,81,1301,3711,448,94,320,37190,1367,7499,11273,23392,10635,7779,1373,1388,205905,18563,28894,154261
4/26/20,738,15225,46134,1300,2030,817,7404,8575,1643,4576,160907,157770,2517,2500,1792,19262,197675,812,82,1316,3723,448,94,321,37845,1386,7527,11617,23864,11036,8042,1379,1396,207634,18863,29061,157729
4/27/20,743,15274,46687,1363,2039,822,7445,8698,1647,4695,164592,158758,2534,2583,1792,19648,199414,818,82,1328,3729,450,95,321,38245,1399,7599,11902,24027,11339,8275,1381,1402,209465,19426,29164,162431
4/28/20,743,15357,47334,1399,2047,837,7504,8851,1660,4740,167650,159912,2566,2649,1795,19877,201505,836,82,1337,3741,458,95,321,38416,1421,7660,12218,24322,11616,8497,1384,1408,210773,20168,29264,167152
4/29/20,743,15402,47859,1447,2062,843,7579,9008,1666,4906,166193,161539,2576,2727,1797,20253,203591,849,82,1364,3769,463,95,322,38802,1442,7710,12640,24505,11978,8724,1391,1418,212917,20966,29407,172587
4/30/20,745,15452,48519,1506,2076,850,7682,9158,1689,4995,167326,163009,2591,2775,1797,20612,205463,858,82,1375,3784,465,95,322,39316,1465,7738,12877,25045,12240,9009,1396,1429,213435,21601,29586,177543
5/1/20,745,15531,49032,1555,2085,857,7737,9311,1694,5051,167846,164077,2612,2863,1798,20833,207428,870,82,1389,3802,467,95,322,39791,1494,7783,13105,25351,12567,9009,1403,1434,215216,22133,29705,182270
5/2/20,747,15558,49517,1594,2088,864,7755,9407,1699,5176,168637,164967,2620,2942,1798,21176,209328,871,82,1394,3812,468,95,322,40236,1506,7809,13375,25190,12732,9362,1407,1439,216582,22432,29817,185491
5/3/20,748,15597,49906,1618,2096,872,7781,9523,1700,5254,168887,165664,2626,2998,1799,21506,210717,879,82,1399,3824,477,95,322,40571,1511,7847,13693,25282,13163,9464,1408,1439,217466,22693,29905,188465
5/4/20,750,15621,50267,1652,2101,874,7819,9670,1703,5327,169405,166152,2632,3035,1799,21772,211938,896,82,1407,3828,480,95,323,40770,1518,7904,14006,25524,13512,9557,1413,1439,218011,23169,29981,191843
5/5/20,751,15650,50509,1704,2112,878,7896,9821,1711,5412,170467,167007,2642,3065,1799,21983,213013,896,82,1410,3840,482,95,324,41087,1526,7955,14431,25702,13837,9677,1421,1445,219329,23826,30009,195527
5/6/20,751,15684,50781,1778,2119,883,7974,9938,1713,5573,174596,168162,2663,3111,1799,22248,214457,900,82,1416,3851,484,95,324,41319,1539,7996,14740,26182,14107,9791,1429,1448,220325,24572,30060,199358
5/7/20,752,15752,51420,1829,2125,889,8031,10083,1720,5673,175218,169430,2678,3150,1801,22385,215858,909,82,1421,3859,486,95,324,41774,1572,8034,15047,26715,14499,9848,1445,1449,221447,25359,30126,203125
5/8/20,752,15774,52011,1872,2161,891,8077,10218,1725,5738,175743,170588,2691,3178,1801,22541,217185,928,82,1430,3871,489,95,324,42093,1586,8070,15366,27268,14811,9943,1455,1450,222857,26059,30207,206174
5/9/20,754,15833,52596,1921,2176,892,8095,10319,1733,5880,176132,171324,2710,3213,1801,22760,218268,930,82,1459,3877,490,96,324,42382,1622,8099,15651,27406,15131,10032,1455,1454,223578,26568,30251,208324
5/10/20,755,15871,53081,1965,2187,898,8123,10429,1739,5962,176338,171879,2716,3263,1801,22996,219070,939,82,1471,3886,496,96,324,42627,1642,8105,15996,27581,15362,10032,1457,1457,224350,26846,30305,210645
5/11/20,755,15882,53449,1990,2196,901,8176,10513,1741,5984,176651,172576,2726,3284,1801,23135,219814,946,82,1479,3888,503,96,324,42788,1664,8132,16326,27679,15588,10176,1457,1460,227436,27301,30344,214228
5/12/20,758,15961,53779,2023,2207,903,8221,10591,1746,6003,177330,173171,2744,3313,1801,23242,221216,950,82,1488,3894,506,96,324,42984,1674,8157,16921,27913,15778,10243,1465,1461,228030,28055,30380,217617
5/13/20,760,15997,53981,2069,2213,905,8269,10667,1751,6054,177790,174098,2760,3341,1802,23401,222104,951,82,1502,3904,508,96,324,43211,1694,8175,17204,28132,16002,10295,1469,1463,228691,28755,30413,220915
5/14/20,761,16058,54288,2100,2221,907,8351,10713,1758,6145,178353,174478,2770,3380,1802,23827,223096,962,82,1511,3915,522,96,324,43481,1723,8196,17615,28319,16247,10374,1477,1464,229540,29415,30463,223524
5/15/20,761,16109,54644,2138,2222,910,8406,10791,1766,6228,178837,175233,2810,3417,1802,23956,223885,970,82,1521,3923,532,96,324,43681,1740,8219,18016,28583,16437,10438,1480,1465,230183,30103,30514,226041
5/16/20,761,16201,54989,2175,2224,914,8455,10858,1770,6286,179140,175752,2819,3473,1802,24048,224760,997,82,1536,3930,546,96,324,43870,1762,8237,18257,28810,16704,10496,1493,1465,230698,30461,30572,228106
5/17/20,761,16242,55280,2211,2226,916,8475,10927,1774,6347,179250,176369,2834,3509,1802,24112,225435,1008,82,1545,3945,553,96,324,43995,1792,8249,18529,29036,16871,10610,1494,1466,230698,30720,30587,229932
5/18/20,761,16269,55559,2235,2228,917,8586,10968,1784,6380,179650,176551,2836,3535,1802,24200,225886,1009,82,1551,3947,558,97,324,44141,1817,8257,18885,29209,17036,10699,1495,1466,231606,31151,30597,232506
5/19/20,761,16321,55791,2259,2232,918,8647,11044,1791,6399,180143,177778,2840,3556,1802,24251,226699,1012,82,1559,3958,569,97,324,44249,1839,8267,19268,29432,17191,10733,1495,1467,232037,31818,30618,235547
5/20/20,762,16353,55983,2292,2234,922,8721,11117,1794,6443,180499,178473,2850,3598,1803,24315,227364,1016,82,1580,3971,584,97,324,44447,1858,8281,19739,29660,17387,10833,1496,1468,232555,32626,30658,238253
5/21/20,762,16404,56235,2331,2237,923,8754,11182,1800,6493,180752,179021,2853,3641,1803,24391,228006,1025,82,1592,3980,599,97,324,44700,1898,8309,20143,29912,17585,10919,1502,1468,233037,33236,30694,240795
5/22/20,762,16436,56511,2372,2243,927,8813,11230,1807,6537,181444,179710,2874,3678,1803,24506,228658,1030,82,1598,3981,600,97,324,44888,1921,8332,20619,30200,17712,11024,1503,1468,234824,33768,30707,242825
5/23/20,762,16486,56810,2408,2243,927,8890,11289,1821,6568,181969,179986,2876,3713,1804,24582,229327,1046,82,1612,3990,609,98,324,45064,1941,8346,20931,30471,17857,11092,1504,1468,235290,34171,30725,244332
5/24/20,762,16503,57092,2427,2244,935,8955,11360,1823,6579,181410,180328,2878,3741,1804,24639,229858,1047,82,1618,3992,610,98,324,45236,1978,8352,21326,30623,18070,11159,1509,1468,235772,34381,30736,245680
5/25/20,763,16539,57342,2433,2244,937,9002,11387,1824,6599,181684,180600,2882,3756,1804,24698,230158,1049,82,1628,3993,611,98,324,45445,1999,8364,21631,30788,18283,11193,1511,1469,235400,34871,30746,247287
5/26/20,763,16557,57455,2443,2244,939,9050,11428,1834,6628,181880,181200,2892,3771,1804,24735,230555,1053,82,1632,3995,611,98,324,45578,2014,8383,22074,31007,18429,11227,1513,1469,236259,35617,30761,248937
5/27/20,763,16591,57592,2460,2244,939,9086,11480,1840,6692,182018,181524,2903,3793,1805,24803,231139,1057,82,1640,4001,612,98,324,45768,2039,8401,22473,31292,18594,11275,1515,1471,236259,36417,30776,250739
5/28/20,763,16628,57849,2477,2245,941,9140,11512,1851,6743,185300,182196,2906,3816,1805,24841,231732,1061,82,1649,4008,616,98,324,45950,2077,8411,22825,31596,18791,11300,1520,1473,237906,37191,30796,252473
5/29/20,764,16655,58061,2485,2245,942,9196,11593,1859,6776,185842,182922,2909,3841,1805,24876,232248,1064,82,1654,4012,616,98,324,46126,2129,8422,23155,31946,18982,11354,1520,1473,238564,37964,30828,253977
5/30/20,764,16685,58186,2499,2246,944,9230,11633,1865,6826,187608,183189,2915,3867,1806,24929,232664,1065,82,1662,4016,618,99,324,46257,2164,8437,23571,32203,19133,11381,1521,1473,239228,38396,30845,255076
5/31/20,764,16731,58381,2513,2246,944,9268,11669,1869,6859,187817,183410,2917,3876,1806,24990,232997,1066,82,1667,4018,618,99,324,46442,2226,8440,23786,32500,19257,11412,1521,1473,239479,38661,30862,256145
6/1/20,765,16733,58517,2519,2246,949,9302,11699,1870,6885,187986,183594,2918,3892,1806,25062,233197,1066,82,1671,4019,619,99,324,46545,2315,8446,24165,32700,19398,11430,1522,1473,239638,39309,30871,257579
6/2/20,844,16759,58615,2538,2246,952,9364,11734,1870,6887,187265,183879,2937,3921,1806,25066,233515,1071,82,1676,4020,620,99,324,46647,2391,8455,24395,32895,19517,11454,1522,1475,239932,40210,30874,259046
6/3/20,851,16771,58685,2560,2246,958,9438,11771,1880,6911,184015,184121,2937,3931,1806,25111,233836,1079,82,1679,4024,622,99,324,46733,2492,8477,24687,33261,19669,11523,1525,1477,240326,41256,30893,260388
6/4/20,852,16805,58767,2585,2247,958,9494,11811,1890,6911,188286,184472,2952,3954,1806,25142,234013,1082,82,1684,4027,622,99,324,46942,2611,8504,25048,33592,19907,11571,1526,1477,240660,42295,30913,261622
6/5/20,852,16843,58907,2627,2247,960,9529,11875,1910,6941,188808,184924,2967,3970,1806,25163,234531,1085,82,1689,4032,625,99,324,47152,2790,8522,25410,33969,20103,11667,1526,1479,240978,43441,30936,262727
6/6/20,852,16898,59072,2711,2247,960,9567,11924,1931,6964,189330,185450,2980,3990,1806,25183,234801,1086,82,1700,4035,627,99,324,47335,2915,8531,25986,34351,20290,11741,1528,1484,241310,44224,30956,263518
6/7/20,852,16902,59226,2727,2247,964,9628,11948,1939,6981,189621,185750,2997,4008,1807,25201,234998,1088,82,1709,4039,629,99,324,47574,3025,8547,26561,34693,20479,11823,1528,1485,241550,44686,30965,264235
6/8/20,852,16968,59348,2810,2247,970,9697,11962,1940,7001,189782,186109,3049,4014,1807,25207,235278,1088,82,1716,4040,630,99,324,47739,3152,8561,27160,34885,20604,11896,1530,1485,241717,45363,30972,265321
6/9/20,852,16979,59437,2889,2247,972,9751,12001,1947,7025,190266,186506,3058,4017,1807,25215,235561,1089,82,1722,4046,632,99,324,47903,3239,8576,27560,35306,20749,11965,1531,1486,241966,46299,30988,266474
6/10/20,852,17005,59569,2993,2249,974,9824,12016,1958,7040,190743,186522,3068,4027,1807,25231,235763,1092,82,1728,4049,635,99,324,48087,3364,8594,27842,35600,20945,12031,1533,1488,242280,47736,31011,267656
6/11/20,852,17034,59711,3086,2249,975,9855,12035,1965,7064,191040,186691,3088,4039,1807,25238,236142,1094,82,1747,4052,640,99,324,48251,3538,8608,28201,35910,21182,12102,1541,1488,242707,49030,31044,268657
6/12/20,853,17064,59819,3191,2249,980,9938,12099,1970,7073,191679,187226,3108,4053,1807,25250,236305,1096,82,1751,4055,645,99,324,48461,3701,8620,28577,36180,21404,12175,1542,1490,243209,50367,31063,269710
6/13/20,853,17078,59918,3266,2251,980,9991,12139,1973,7087,192043,187267,3112,4064,1808,25295,236651,1097,82,1758,4063,646,99,324,48640,3895,8628,29017,36463,21679,12251,1545,1492,243605,51409,31094,270597
6/14/20,853,17109,60029,3290,2252,983,10024,12193,1973,7104,192317,187518,3121,4069,1810,25303,236989,1097,82,1763,4070,649,99,325,48783,4057,8631,29392,36690,21999,12310,1548,1495,243928,51827,31117,271404
6/15/20,853,17135,60100,3341,2254,985,10064,12217,1974,7108,192369,187682,3134,4076,1811,25321,237290,1097,82,1768,4072,650,99,326,48948,4157,8647,29788,37036,22165,12367,1552,1496,244109,52511,31131,272430
6/16/20,854,17189,60155,3453,2255,985,10111,12250,1975,7112,192915,188252,3148,4077,1812,25334,237500,1098,82,1771,4075,656,99,326,49087,4299,8660,30195,37336,22415,12426,1552,1499,244328,53729,31154,273507
6/17/20,854,17203,60244,3542,2258,985,10162,12294,1977,7117,193256,188604,3203,4078,1812,25341,237828,1104,82,1773,4085,662,99,333,49204,4482,8692,30701,37672,22760,12522,1561,1503,244683,55186,31187,274504
6/18/20,855,17223,60348,3674,2269,985,10280,12344,1977,7119,193576,189817,3227,4079,1814,25355,238159,1108,82,1779,4091,663,99,337,49319,4664,8708,31015,38089,23080,12616,1562,1511,245268,56682,31200,275524
6/19/20,855,17271,60476,3755,2280,985,10406,12391,1979,7133,194121,190299,3237,4081,1815,25368,238011,1110,82,1787,4099,663,99,355,49426,4820,8726,31316,38464,23400,12709,1576,1513,245575,57895,31235,276504
6/20/20,855,17323,60550,3872,2299,985,10448,12391,1981,7142,194535,190670,3256,4086,1815,25374,238275,1111,82,1790,4105,664,99,359,49502,5005,8742,31620,38841,23730,12803,1586,1519,245938,58597,31243,277170
6/21/20,855,17341,60550,3905,2317,986,10498,12391,1981,7143,194599,191272,3266,4094,1815,25379,238499,1111,82,1793,4120,665,100,362,49593,5106,8745,31931,39133,24045,12894,1587,1520,246272,58918,31292,277792
6/22/20,855,17380,60550,3984,2336,988,10523,12527,1981,7144,194693,191768,3287,4102,1815,25383,238720,1111,82,1796,4121,665,101,367,49658,5196,8751,32227,39392,24291,12990,1588,1521,246504,59718,31310,278684
6/23/20,855,17408,60810,4114,2366,990,10650,12561,1982,7155,195256,192480,3302,4107,1815,25391,238833,1111,82,1798,4133,665,101,378,49722,5311,8772,32527,39737,24505,13092,1589,1534,246752,61030,31332,279566
6/24/20,855,17449,60898,4242,2388,991,10777,12615,1983,7167,195256,192871,3310,4114,1817,25396,239410,1111,82,1799,4140,665,102,389,49804,5445,8788,32821,40104,24826,13235,1607,1541,247086,62728,31376,280340
6/25/20,855,17477,61007,4408,2483,992,10870,12636,1984,7172,195256,193371,3321,4123,1818,25405,239706,1111,82,1801,4151,668,102,414,49914,5595,8788,33119,40415,25286,13372,1630,1547,247486,64009,31428,281037
6/26/20,855,17522,61106,4513,2539,992,11038,12675,1986,7191,196267,194036,3343,4127,1820,25414,239961,1112,82,1803,4173,670,102,439,50005,5758,8832,33395,40866,25697,13565,1643,1558,247905,65212,31486,281675
6/27/20,855,17580,61209,4625,2624,994,11298,12675,1986,7198,196521,194458,3366,4138,1820,25437,240136,1115,82,1808,4217,670,103,469,50074,5906,8846,33714,41189,26022,13792,1657,1572,248469,65972,31555,282308
6/28/20,855,17654,61295,4691,2691,994,11603,12675,1987,7198,196111,194693,3376,4142,1821,25439,240310,1116,82,1810,4242,670,103,481,50147,6080,8855,33907,41646,26313,14046,1664,1581,248770,66392,31617,282703
6/29/20,855,17723,61361,4831,2725,996,11805,12751,1987,7209,196390,195042,3390,4145,1822,25462,240436,1117,82,1811,4256,670,103,501,50223,6209,8862,34154,41912,26582,14288,1665,1585,248970,67119,31652,283307
6/30/20,855,17766,61427,4989,2777,998,11954,12768,1989,7214,196554,195418,3409,4155,1824,25473,240578,1118,82,1812,4299,670,103,548,50273,6334,8879,34393,42141,26970,14564,1667,1600,249271,67924,31714,283710
7/1/20,855,17873,61509,5154,2831,999,12046,12794,1989,7236,197238,195893,3432,4157,1825,25477,240760,1121,82,1813,4345,671,103,576,50335,6454,8896,34775,42454,27296,14836,1687,1613,249659,68608,31851,283770
7/2/20,855,17941,61598,5315,2912,999,12178,12815,1990,7241,197591,196370,3458,4166,1830,25489,240961,1122,83,1820,4395,671,106,616,50412,6625,8902,35146,42782,27746,15195,1700,1634,250103,69297,31967,283774
7/3/20,855,18050,61727,5497,3008,999,12319,12832,1991,7242,197994,196780,3486,4172,1830,25498,241184,1122,83,1823,4447,672,106,663,50487,6787,8921,35405,43156,28166,15504,1720,1650,250545,69996,32101,284276
7/4/20,855,18165,61838,5677,3094,1002,12440,12832,1993,7248,197994,197198,3511,4174,1830,25509,241419,1123,83,1826,4476,672,106,720,50548,6932,8926,35719,43569,28582,15829,1749,1679,250545,70366,32198,284900
7/5/20,855,18280,62016,5740,3151,1003,12515,12832,1993,7253,197994,197523,3519,4183,1830,25527,241611,1124,83,1831,4522,672,108,781,50621,7046,8930,35950,43897,28973,16131,1764,1700,250545,70681,32268,285416
7/6/20,855,18365,62058,5914,3220,1004,12566,12878,1994,7257,198850,198064,3562,4189,1832,25531,241819,1127,84,1836,4542,672,108,841,50657,7124,8936,36155,44129,29223,16420,1765,1716,251789,70932,32315,285768
7/7/20,855,18421,62058,6102,3272,1005,12685,12888,1995,7262,199170,198343,3589,4205,1833,25538,241956,1134,84,1839,4603,673,108,907,50694,7244,8947,36412,44416,29620,16719,1767,1739,252130,71210,32369,286349
7/8/20,855,18513,62123,6342,3325,1008,12814,12900,2003,7265,199699,198699,3622,4210,1833,25542,242149,1141,84,1849,4650,673,108,960,50746,7406,8950,36689,44859,30175,17076,1798,1763,252513,71747,32498,286979
7/9/20,855,18615,62210,6672,3416,1010,12919,12916,2011,7273,200027,199001,3672,4220,1833,25565,242363,1154,84,1852,4719,674,108,1019,50798,7572,8965,36951,45277,30789,17342,1851,1776,253056,72082,32586,287621
7/10/20,855,18709,62357,6964,3532,1013,13001,12946,2013,7279,200569,199332,3732,4223,1833,25589,242639,1165,84,1856,4777,674,108,1019,50840,7777,8974,37216,45679,31381,17728,1870,1793,253908,72459,32690,288133
7/11/20,855,18783,62469,7175,3672,1014,13115,12946,2014,7291,200569,199709,3772,4229,1833,25611,242827,1173,84,1860,4842,674,109,1164,50921,7975,8977,37521,46221,32079,18073,1893,1827,253908,72773,32817,288953
7/12/20,855,18897,62707,7252,3722,1021,13174,12946,2014,7294,200569,199919,3803,4234,1833,25628,243061,1173,84,1864,4925,674,109,1221,51022,8111,8981,37891,46512,32535,18360,1901,1841,253908,72879,32883,289603
7/13/20,858,18948,62707,7411,3775,1022,13238,13037,2014,7295,201755,200180,3826,4247,1833,25638,243230,1174,84,1869,4956,674,109,1287,51093,8197,8984,38190,46818,32948,18639,1902,1849,255953,73049,32946,290133
7/14/20,861,19021,62781,7645,3827,1023,13341,13061,2015,7301,201755,200456,3883,4258,1835,25670,243344,1174,84,1870,5056,674,109,1287,51146,8332,9001,38457,47051,33585,18983,1908,1859,256619,73364,33016,291373
7/15/20,862,19154,62872,7877,3953,1025,13475,13092,2016,7296,202383,200890,3910,4263,1835,25683,243506,1178,84,1891,5122,674,109,1287,51252,8530,9011,38721,47426,34226,19334,1927,1878,257494,73663,33148,291911
7/16/20,877,19270,63238,8144,4039,1031,13612,13124,2016,7293,202819,201450,3939,4279,1836,25698,243736,1179,84,1897,5285,674,109,1287,51351,8623,9015,39054,47765,35003,19717,1951,1897,258855,73936,33290,292552
7/17/20,880,19439,63499,8442,4137,1033,13742,13173,2020,7301,203516,202045,3964,4293,1836,25730,243967,1185,85,1903,5409,674,109,1965,51454,8786,9025,39407,48077,35802,20109,1965,1916,260255,74235,33382,293239
7/18/20,880,19573,63706,8638,4253,1037,13855,13173,2021,7318,203516,202426,3983,4315,1838,25750,244216,1189,86,1910,5483,675,109,2072,51581,9026,9028,39746,48390,36691,20498,1976,1940,260255,74435,33492,294066
7/19/20,880,19655,63706,8733,4345,1038,13945,13173,2021,7335,203516,202735,4007,4333,1839,25760,244434,1192,86,1928,5605,677,109,2188,51725,9153,9028,40104,48636,37458,20894,1979,1946,260255,74545,33591,294792
7/20/20,884,19743,64094,8929,4370,1038,14098,13262,2021,7340,205308,203325,4012,4339,1839,25766,244624,1192,86,1942,5639,677,109,2188,51910,9249,9034,40383,48771,38139,21253,1980,1953,264836,74676,33634,295372
7/21/20,884,19827,64258,9254,4422,1040,14324,13302,2022,7351,205773,203717,4048,4347,1839,25802,244752,1193,86,1944,5725,677,111,2381,52073,9412,9053,40782,48898,39133,21605,2021,1977,266194,74902,33742,295817
7/22/20,889,19929,64627,9584,4530,1040,14570,13350,2025,7362,206641,204276,4077,4366,1840,25819,245032,1197,86,1946,5854,679,112,2472,52241,9547,9059,41162,49150,40163,22031,2058,2006,267551,75199,33883,296377
7/23/20,889,20099,64847,9853,4634,1045,14800,13390,2027,7372,207650,204881,4110,4380,1841,25826,245338,1203,86,1956,5952,680,114,2569,52404,9669,9085,41580,49379,41275,22443,2089,2033,270166,75419,34000,297146
7/24/20,897,20214,65199,10123,4715,1047,15081,13438,2028,7380,208553,205623,4135,4398,1843,25845,245590,1205,86,1982,6056,686,116,2665,52595,9797,9092,42038,49692,42394,22852,2118,2052,272421,75681,34154,297914
7/25/20,897,20338,65727,10312,4792,1053,15212,13438,2033,7388,208553,206278,4166,4424,1843,25869,245864,1206,86,1996,6189,686,116,2747,52732,9934,9111,42622,49955,43678,22852,2141,2066,272421,75819,34302,298681
7/26/20,897,20472,66026,10427,4857,1057,15324,13438,2034,7393,208553,206667,4193,4435,1847,25881,246118,1219,86,2003,6272,700,116,2799,53005,10086,9117,43065,50164,44798,23730,2179,2082,272421,75861,34412,299426
7/27/20,907,20558,66428,10621,4881,1060,15516,13547,2034,7398,210821,207112,4227,4448,1854,25892,246286,1219,86,2014,6321,701,116,2893,53151,10213,9132,43402,50299,45902,24141,2181,2087,278782,75932,34477,300111
7/28/20,907,20677,66662,10871,4923,1067,15799,13577,2038,7404,211337,207707,4279,4456,1857,25929,246488,1220,87,2022,6375,708,117,2949,53374,10315,9150,43904,50410,47053,24520,2204,2101,280610,76215,34609,300658
7/29/20,918,20850,67335,11155,4993,1080,16093,13634,2042,7414,212676,208546,4336,4465,1861,25942,246776,1224,88,2037,6533,720,120,3016,53621,10503,9172,44416,50613,48235,24892,2245,2115,282641,76516,34802,301455
7/30/20,922,20955,68006,11420,5071,1090,16371,13725,2051,7423,213927,209535,4401,4484,1872,26027,247158,1228,88,2056,6616,814,120,3016,53963,10617,9208,45031,50868,49591,25213,2265,2139,285430,76818,35022,302301
7/31/20,925,21130,68751,11690,5139,1114,16574,13789,2064,7432,215135,210399,4477,4505,1885,26065,247537,1231,88,2069,6695,824,120,3073,54301,10754,9240,45688,51072,50886,25552,2292,2156,288522,77076,35232,303181
8/1/20,925,21212,69402,11836,5224,1124,16699,13789,2072,7443,215135,211005,4587,4526,1893,26109,247832,1238,88,2087,6793,845,120,3198,54732,10891,9253,46346,51310,52111,25882,2337,2171,288522,77379,35412,303942
8/2/20,925,21304,69849,11955,5260,1150,16800,13789,2079,7453,215135,211220,4662,4535,1907,26162,248070,1243,89,2104,6855,860,120,3258,55098,11054,9268,46894,51463,53186,26193,2344,2180,288522,77417,35550,304685
8/3/20,937,21385,70314,12159,5294,1155,17008,13996,2080,7466,218351,212111,4737,4544,1915,26208,248229,1246,89,2114,6864,874,121,3301,55470,11128,9334,47469,51569,54009,26451,2354,2181,297054,77582,35616,305623
8/4/20,939,21481,70648,12414,5318,1180,17286,14073,2091,7483,219253,212828,4855,4553,1918,26253,248419,1249,89,2131,6917,890,123,3361,55955,11202,9362,48149,51681,55241,26738,2368,2190,302814,77916,35746,306293
8/5/20,939,21566,71158,12717,5376,1195,17529,14185,2113,7512,220874,214113,4974,4564,1926,26303,248803,1257,89,2141,7007,926,125,3411,56381,11289,9409,48789,51848,56550,27033,2417,2208,305767,78341,35927,307184
8/6/20,944,21696,72016,13014,5404,1208,17731,14306,2124,7532,222398,215039,5123,4597,1932,26372,249204,1275,89,2165,7073,946,125,3480,56982,11399,9468,49515,52061,57895,27332,2480,2223,309855,78719,36108,308134
8/7/20,955,21837,72784,13209,5466,1222,18060,14442,2133,7554,224602,216196,5270,4621,1952,26470,249756,1281,89,2189,7113,995,128,3549,57501,11554,9551,50324,52351,59273,27608,2523,2233,314362,79099,36269,309005
8/8/20,955,21919,73401,13343,5543,1233,18235,14442,2147,7568,224602,216903,5421,4653,1955,26644,250103,1288,89,2225,7169,1035,131,3588,57987,11754,9599,51167,52537,60623,27863,2566,2247,314362,79359,36451,309763
8/9/20,955,22033,74152,13396,5604,1242,18353,14442,2152,7584,224602,217288,5623,4696,1958,26712,250566,1290,89,2247,7205,1089,133,3618,58564,11839,9638,51791,52668,61768,28099,2596,2249,314362,79432,36603,310825
8/10/20,963,22106,74620,13512,5649,1252,18494,14815,2158,7601,229203,218508,5749,4731,1962,26768,250825,1290,89,2259,7216,1112,133,3696,59194,11942,9684,52410,52825,62547,28262,2599,2255,322980,79628,36708,311641
8/11/20,963,22245,75008,13722,5740,1277,18783,14959,2167,7623,230540,219540,5942,4746,1968,26801,251237,1293,89,2277,7242,1141,138,3748,59424,12083,9751,52961,52945,63762,28497,2615,2272,326612,80045,36895,312789
8/12/20,977,22439,75647,13893,5870,1291,19075,15070,2174,7642,232966,220859,6177,4768,1972,26838,251713,1303,90,2303,7300,1190,141,3813,60627,12217,9783,53676,53223,65177,28751,2690,2303,329784,80489,37169,313798
8/13/20,981,22594,76191,13893,6050,1305,19401,15214,2174,7683,235540,222281,6381,4813,1976,26929,252235,1307,90,2324,7368,1245,144,3857,61204,12357,9851,54487,53548,66631,28998,2739,2332,337334,80851,37403,314927
8/14/20,989,22876,77113,14243,6258,1318,19693,15379,2177,7700,238240,223791,6632,4853,1983,26995,252809,1308,91,2346,7405,1276,146,3930,61840,12515,9908,55319,53783,68046,29233,2801,2369,342813,81195,37671,316367
8/15/20,989,23179,77869,14333,6420,1332,19891,15483,2184,7720,241371,224488,6858,4877,1999,27191,253438,1315,91,2379,7439,1348,146,3960,62495,12653,9965,56090,53981,69374,29471,2855,2401,342813,81421,37924,317379
8/16/20,989,23370,78323,14365,6571,1339,20012,15617,2190,7731,244335,225007,7075,4916,2011,27257,253915,1322,91,2409,7458,1306,146,4035,63002,12739,10005,56684,54102,70461,29682,2902,2416,342813,81484,38124,318484
8/17/20,1005,23534,78534,14500,6656,1351,20202,15740,2192,7752,244761,226700,7222,4946,2014,27313,254235,1323,94,2430,7469,1375,148,4085,63484,12840,10060,57279,54234,71194,29782,2907,2429,359082,81658,38252,319197
8/18/20,1005,23829,78897,14669,6855,1359,20483,15855,2200,7776,246821,228120,7472,4970,2027,27499,254636,1323,97,2467,7499,1423,148,4132,63973,12970,10111,57876,54448,72208,29890,2922,2456,364196,81972,38449,320286
8/19/20,1024,24084,79479,14820,7074,1385,20798,15940,2207,7805,250539,229706,7684,5002,2035,27547,255278,1326,98,2489,7566,1470,148,4174,64525,13076,10162,58611,54701,73617,30048,3022,2493,370867,82323,38760,321098
8/20/20,1024,24431,80178,14962,7329,1395,21045,16056,2227,7842,255214,231292,7934,5046,2040,27676,256118,1327,99,2521,7637,1510,150,4229,65054,13194,10197,59378,54992,74963,30209,3102,2536,377906,82656,39026,322280
8/21/20,1045,24762,80894,15131,7594,1406,21551,16127,2244,7871,259717,233029,8138,5098,2050,27755,257065,1330,99,2558,7704,1546,154,4277,65589,13308,10275,60281,55211,76355,30378,3225,2574,386054,82954,39332,323313
8/22/20,1045,25062,81468,15131,7900,1417,21790,16239,2265,7906,263129,233861,8381,5133,2058,27908,258136,1333,99,2588,7762,1577,154,4313,66097,13458,10299,61181,55452,77544,30548,3316,2617,386054,83114,39627,324601
8/23/20,1045,25253,81936,15287,8175,1421,21923,16317,2272,7920,267589,234494,8664,5155,2064,27969,259345,1337,99,2629,7775,1612,154,4343,66554,13595,10323,61762,55597,78505,30657,3356,2651,386054,83171,39903,325642
8/24/20,1060,25495,82092,15386,8311,1451,22181,16397,2275,7938,269452,236122,8819,5191,2073,28116,260298,1337,100,2667,7794,1667,154,4378,67128,13673,10395,62310,55720,79330,30714,3424,2665,405436,83353,40060,326614
8/25/20,1060,25706,82447,15589,8530,1474,22548,16480,2294,7981,272643,237583,8987,5215,2077,28201,261174,1342,102,2688,7838,1705,154,4444,67543,13799,10454,63073,55912,80390,30820,3452,2686,412553,83578,40262,327798
8/26/20,1098,26033,83030,15751,8888,1484,22951,16537,2311,8002,272643,239010,9280,5288,2082,28363,262540,1360,102,2720,7928,1751,154,4499,68114,13914,10504,63802,56274,81646,30974,3536,2722,419849,83824,40645,328846
8/27/20,1098,26361,83500,15908,9192,1467,23169,16627,2325,8019,283698,240571,9531,5379,2087,28453,263949,1366,105,2756,7928,1788,154,4558,68624,14004,10542,64689,56673,83150,31099,3626,2755,429507,83958,41006,330368
8/28/20,1124,26590,83952,16065,9549,1481,23777,16700,2343,8042,290929,242126,9800,5511,2092,28578,265409,1375,106,2804,6580,1820,154,4663,69131,14163,10582,65480,57074,84468,31207,3728,2797,439286,83958,41346,331644
8/29/20,1124,26985,84599,16164,9861,1483,24094,16779,2363,8049,296265,242835,9977,5669,2100,28720,266853,1381,107,2833,6625,1847,154,4727,69632,14293,10611,66239,57448,85833,31282,3842,2834,439286,83958,41722,332752
8/30/20,1124,27166,85042,16190,10123,1487,24367,16891,2373,8077,301554,243305,10134,5961,2105,28760,268218,1393,107,2868,6625,1862,154,4790,70140,14330,10643,66870,57768,86785,31365,3876,2865,439286,83958,42014,334467
8/31/20,1176,27438,85236,16266,10269,1488,24618,16985,2375,8086,304349,244802,10317,6139,2107,28811,269214,1396,107,2900,6625,1883,154,4835,70667,14341,10782,67372,58012,87540,31406,3917,2883,462858,84379,42177,335873
9/1/20,1184,27642,85487,16454,10414,1490,25117,17084,2395,8142,309247,246015,10524,6257,2116,29025,270189,1404,107,2923,6625,1909,154,4917,71129,14455,10871,67922,58243,88593,31482,3989,2924,470973,84521,42393,337168
9/2/20,1199,27969,85911,16617,10725,1495,25773,17195,2415,8161,316047,247411,10757,6622,2121,29114,271515,1406,107,2952,6745,1931,142,5019,71863,14600,11034,68517,58633,89891,31581,4042,2979,479554,84532,42763,338676
9/3/20,1199,28372,86544,16775,11094,1498,26452,17374,2441,8200,322935,248840,10998,6923,2128,29206,272912,1410,107,2972,6811,1965,143,5165,72464,14762,11120,69129,59051,91256,31676,4163,3032,488513,84729,43127,340411
9/4/20,1215,28729,87174,16954,11428,1502,27249,17547,2456,8225,331578,250283,11200,7382,2135,29303,274644,1416,107,2998,6854,1984,147,5275,73208,14871,11231,69820,59457,92595,31772,4300,3079,498989,84985,43532,342351
9/5/20,1215,29087,87825,17050,11739,1507,27752,17736,2491,8261,340013,251058,11386,7892,2136,29534,276338,1425,107,3034,6896,2014,147,5422,73862,14998,11296,70387,59943,93864,31849,4526,3122,498989,84985,43957,344164
9/6/20,1215,29271,88367,17089,11964,1509,28156,17883,2516,8291,346921,251728,11524,8387,2141,29672,277634,1428,107,3077,6950,2039,147,5553,74787,15090,11388,70824,60258,95014,31905,4614,3165,498989,84985,44401,347152
9/7/20,1261,29561,88769,17146,12081,1510,28716,18113,2532,8327,351017,253626,11663,8963,2143,29774,278784,1429,107,3094,6960,2076,153,5659,75584,15127,11521,71126,60507,95897,31941,4636,3190,525549,85558,44592,350100
9/8/20,1261,30081,89141,17313,12285,1511,29877,18356,2564,8337,357473,254957,11832,9304,2150,30080,280153,1432,107,3126,6974,2099,156,5875,76548,15226,11623,71526,60895,97033,31994,4727,3232,534513,85707,44837,352560
9/9/20,1301,30583,89691,17435,12626,1514,31036,18607,2585,8430,365025,256433,12080,9715,2153,30164,281583,1443,108,3158,7023,2162,161,6094,77688,15293,11746,71947,61541,98304,32078,4888,3312,543379,85880,45306,355219
9/10/20,1301,31247,90568,17598,12917,1517,32413,18924,2600,8469,374586,258149,12452,10191,2157,30360,283180,1448,109,3194,7088,2204,165,6222,78511,15414,11867,72453,62126,99684,32136,5066,3389,554143,86194,45711,358138
9/11/20,1344,31827,91537,17799,13107,1520,33860,19216,2632,8512,383854,259735,12734,10909,2161,30571,284796,1459,109,3238,7088,2247,168,6385,79781,15555,12003,73047,62813,101075,32228,5252,3497,566326,86505,46239,361677
9/12/20,1344,32696,92478,17891,13368,1523,35401,19557,2655,8557,394270,260817,13036,11825,2162,30730,286297,1464,111,3291,7159,2274,169,6530,81012,15694,12079,73650,63310,102386,32300,5453,3603,566326,86505,46704,365174
9/13/20,1344,33159,93455,17918,13533,1526,36188,19890,2676,8580,400533,261737,13240,12309,2165,30985,287753,1474,111,3330,7159,2352,171,6712,82099,15791,12154,74152,63983,103495,32408,5532,3702,566326,86505,47179,368504
9/14/20,1438,33541,94306,18061,13598,1534,37222,20237,2698,8627,406609,263222,13420,13153,2168,31192,288761,1477,111,3381,7244,2405,177,6900,83399,15827,12276,74529,64596,104187,32437,5580,3749,593730,86505,47436,371125
9/15/20,1438,34305,94795,18216,13749,1540,38896,20571,2722,8725,414196,265014,13730,13879,2174,31549,289990,1482,111,3392,7284,2454,178,7061,84778,15925,12393,75134,65021,105298,32511,5768,3831,603167,87345,47751,374228
9/16/20,1483,35073,95948,18390,14029,1548,41032,20571,2756,8750,423924,266869,14041,14460,2189,31799,291442,1486,111,3437,7394,2560,181,7291,86320,16088,12498,75734,65626,107011,32613,5860,3954,614360,87575,48265,378219
9/17/20,1483,35853,97976,18544,14279,1558,44155,21393,2778,8799,433871,269048,14400,15170,2206,32023,293025,1494,112,3499,7541,2595,186,7503,88073,16274,12644,76571,66396,108690,32695,6021,4058,625651,87885,48795,381614
9/18/20,1564,36661,99649,18733,14513,1565,46262,21847,2814,8858,446961,271247,14738,16111,2230,32271,294932,1498,112,3560,7718,2634,191,7711,90047,16417,12769,77328,67176,110217,32757,6256,4195,640040,88237,49283,385936
9/19/20,1564,37474,100748,18819,14725,1590,48306,22436,2875,8922,460328,272932,14978,16920,2307,32538,296569,1515,113,3659,7718,2699,192,7898,91934,16557,12858,78330,68025,111550,32840,6546,4309,640040,88237,49283,390358
9/20/20,1564,38095,102295,18863,14922,1600,49290,22905,2924,8980,470864,273965,15142,17990,2307,32933,298156,1525,113,3739,7718,2731,193,8612,93778,16735,12897,79240,68577,112781,32908,6677,4420,640040,88237,49283,394257
9/21/20,1681,38658,103392,19014,14992,1603,50764,23323,2941,9046,476162,275560,15595,18866,2377,33121,299506,1526,114,3809,7916,2776,195,8842,95995,16780,13005,79988,69200,113589,32938,6756,4470,671468,88237,50378,398625
9/22/20,1681,39303,105226,19123,15136,1618,53158,23799,2976,9195,485929,277412,15928,19499,2419,33444,300897,1560,115,3854,8016,2814,197,9138,98240,16867,13153,80699,69663,114648,32999,6931,4558,682267,89436,50664,403551
9/23/20,1753,39984,106887,19283,15340,1654,55464,24357,3033,9288,497914,279025,16286,20450,2476,33675,302537,1572,116,3927,8090,2856,199,9428,100597,17049,13277,81673,70465,116415,33080,7269,4694,693556,89756,51101,409729
9/24/20,1753,40816,108768,19573,15572,1663,58374,24916,3076,9379,513732,281346,16627,21200,2512,33994,304323,1594,116,4065,8158,2898,205,9717,103141,17200,13406,82809,71156,118054,33163,7629,4816,704209,90289,51492,416363
9/25/20,1836,41500,110976,19828,15795,1671,61318,25594,3118,9484,529501,283712,16913,22127,2561,34315,306235,1625,117,4179,8233,2929,208,9962,105918,17343,13545,84396,72055,119683,33238,8048,5007,716481,90923,51864,423236
9/26/20,1836,42214,112803,19997,16007,1684,63294,26213,3165,9577,543688,285026,17228,23077,2601,34560,308104,1654,117,4290,8233,2958,210,10197,108631,17483,13627,85980,72939,121235,33312,8600,5191,716481,90923,51864,429277
9/27/20,1836,42876,114179,20055,16197,1696,64597,26637,3200,9682,554304,286339,17444,24014,2623,34990,309870,1676,117,4381,8233,2979,210,10313,111626,17629,13698,87330,73604,122673,33384,9078,5350,716481,90923,51864,434969
9/28/20,1966,43432,115353,20271,16245,1713,65883,27072,3267,9743,558374,288631,17707,24716,2663,35377,311364,1697,117,4485,8376,3006,212,10441,114540,17674,13788,88636,74029,123944,33414,9343,5388,748266,90923,52646,439013
9/29/20,1966,44041,117115,20547,16380,1743,67843,27464,3315,9892,566196,290471,18123,25567,2695,35740,313011,1729,118,4573,8431,3035,214,10575,117551,17786,13915,89962,74717,125414,33479,9574,5487,748266,92466,52871,446156
9/30/20,2050,44813,118452,20833,16593,1755,70763,27998,3371,9992,578769,292913,18475,26461,2728,36155,314861,1824,118,4688,8509,3058,218,10772,120845,17977,14027,91514,75542,127572,33551,10141,5690,769188,92863,53282,453264
10/1/20,2050,45686,121059,20833,16827,1772,74255,28396,3450,10103,591783,295539,18886,27309,2769,36597,317409,1868,119,4779,8595,3095,219,10987,124097,18138,14149,93481,76396,129658,33662,10938,5865,778607,93615,53832,460178
10/2/20,2110,46374,124234,21336,17160,1789,78051,28932,3507,10244,603920,298374,19346,28631,2809,37063,319908,1945,120,4950,8709,3139,221,11690,127922,18363,14284,95773,77284,132001,33735,11617,6103,789932,94283,54384,467146
10/3/20,2110,47432,127623,21518,17401,1811,80605,29302,3577,10391,620330,300027,19613,29717,2872,37668,322751,2019,123,5075,8709,3204,222,11934,131889,18602,14362,98140,78247,134065,33842,12321,6330,789932,94283,54384,480017
10/4/20,2110,48146,130235,21587,17659,1824,82446,29680,3607,10538,632834,301573,19842,30575,2921,38032,325329,2086,126,5180,8709,3270,222,12127,135892,18790,14457,100074,79151,135900,33901,13139,6498,789932,94283,54384,502978
10/5/20,2370,48896,132203,21870,17797,1847,85566,30057,3617,10702,637918,304673,20142,31480,2980,38549,327586,2126,127,5279,8925,3327,223,12359,140471,18873,14605,102080,79885,137491,33952,13492,6673,813412,94283,55932,515571
10/6/20,2370,49819,134291,22306,18084,1876,90022,30379,3659,10929,648116,307127,20541,32298,3081,38973,330263,2194,130,5359,8979,3374,224,12584,144999,19096,14784,104316,80312,139612,34072,13812,6764,825410,96145,56632,530113
10/7/20,2568,50848,137868,22743,18447,1897,95360,30710,3715,11049,666849,311137,20947,33114,3172,39584,333940,2261,131,5474,9119,3442,227,12794,149988,19413,15013,107319,81256,142570,34193,14689,7120,835901,96677,57709,544275
10/8/20,2568,52057,143596,23259,18989,1918,100757,31156,3760,11345,684164,315941,21381,34046,3267,40086,338398,2370,135,5616,9219,3506,229,13004,155810,19777,15221,111599,82534,145700,34344,15726,7507,848324,97532,58881,561815
10/9/20,2696,53188,148981,23871,19446,1951,109374,31638,3809,11580,704478,320495,21772,35222,3373,40703,343770,2507,139,5749,9360,3581,233,13348,161781,20163,15388,116338,83928,148886,34517,16910,7872,861112,98451,60368,575679
10/10/20,2696,54423,156931,24319,19932,1986,114005,32082,3846,11849,731155,323463,22078,36596,3460,41714,349494,2596,142,5953,9514,3681,233,13641,168280,20555,15466,121638,85574,152403,34685,18797,8252,861112,98451,60368,590844
10/11/20,2696,55319,162258,24402,20440,2006,117110,32422,3865,11998,747092,326309,22358,37664,3526,42528,354950,2670,144,6113,9722,3776,234,13869,174653,20937,15524,125816,86664,155283,34787,19851,8663,861112,98451,60368,603716
10/12/20,2995,56298,165880,24989,20621,2047,121421,32811,3883,12212,755597,332850,22652,38837,3582,43351,359569,2765,148,6239,9731,3844,236,14050,181498,21113,15639,130210,87913,157352,34854,20355,8832,888968,98451,64436,617688
10/13/20,2995,57326,173240,25774,20993,2130,129747,33101,3908,12499,768380,337314,23060,39862,3668,44159,365467,2840,163,6357,9840,3937,241,14268,188876,21193,15793,135278,89121,160461,35006,20886,9231,896086,100654,65881,634920
10/14/20,3190,58672,181511,26593,21741,2181,139290,33593,3947,12703,790959,344487,23495,40782,3757,45243,372799,2942,174,6494,10030,4048,248,14461,196163,21636,15953,141804,91193,164477,35251,22296,9938,908056,101332,68704,654644
10/15/20,3190,60224,191959,27507,22534,2285,149010,34023,3980,12944,820685,352107,23947,41732,3837,46429,381602,3056,183,6749,10244,4160,253,14672,203954,22170,16137,149903,93294,168490,35454,24225,10683,921374,102407,71317,673622
10/16/20,3377,61387,202151,28505,23665,2379,160112,34441,4017,13133,845740,359802,24450,43025,3929,47427,391611,3204,192,7030,10471,4282,255,15281,211938,22607,16272,157608,95902,172516,35719,26300,11517,936560,103200,74422,689257
10/17/20,3377,63134,213115,29108,24761,2581,168827,34941,4052,13293,877840,364664,24932,44816,3998,48678,402536,3392,217,7258,10471,4486,260,15427,220052,23201,16369,167230,98055,176468,35946,28268,12416,936560,103200,74422,705428
10/18/20,3377,64806,222253,29503,25580,2644,173885,35392,4078,13424,907677,368671,25370,46290,4055,49962,414241,3450,224,7511,10888,4628,265,15615,228234,23628,16457,175766,99911,180388,36160,29835,13142,936560,103200,74422,722409
10/19/20,3623,65927,230480,30527,25973,2687,181962,35844,4085,13555,920916,377068,25802,47768,4101,50993,423578,3494,224,7718,11010,4737,268,15760,236226,23788,16603,183248,101860,182854,36282,30695,13679,974449,103200,83159,741212
10/20/20,3623,67451,240159,31863,26863,2839,193946,36373,4127,13849,941085,385591,26469,48757,4193,52256,434449,3609,235,7921,11241,4871,271,15892,244391,24196,16772,192539,103736,186254,36608,31400,14473,988322,106380,86167,762542
10/21/20,3811,69409,253386,33335,28287,2966,208915,37003,4171,14071,967717,397922,27334,50180,4230,53422,449648,3797,252,8234,11671,5026,273,16069,253134,24836,16964,202579,106271,191102,37120,33602,15982,1005295,107355,91763,789229
10/22/20,3811,71844,270132,34930,29850,3154,223065,37763,4247,14255,1008483,403874,28216,52212,4268,54476,465726,3958,282,8661,12333,5137,281,16259,262405,25473,17234,214686,109541,196004,37536,35330,17646,1026281,108969,97019,810467
10/23/20,4038,74415,287700,36519,31717,3314,238323,38622,4300,14474,1050468,417350,29057,54278,4308,55261,484869,4208,324,9106,12851,5258,295,16436,272401,25991,17532,228318,112440,201032,38115,37911,19307,1046132,110594,103653,830998
10/24/20,4038,78029,305409,37562,33959,3444,250797,39411,4351,14652,1095708,427808,29992,56098,4394,56108,504509,4467,340,9586,12851,5373,296,16629,281052,26394,17749,241946,116109,205793,38872,40801,21274,1046132,110594,103653,854010
10/25/20,4038,80811,321031,37889,36380,3545,258097,40356,4411,14848,1102262,437698,30782,59247,4448,57128,525782,4678,365,10183,12851,5498,306,16797,291254,26954,17909,253688,118686,209648,39486,43843,22950,1046132,110594,103653,873800
10/26/20,4325,83267,333718,40132,37208,3636,268370,41412,4428,14970,1174279,450258,31496,61563,4504,58067,542789,4757,402,10948,14399,5578,310,16909,301597,27199,18342,263929,121133,212492,39827,45155,24080,1098320,110594,121093,894690
10/27/20,4410,86102,347289,42701,38621,3817,284033,42157,4465,15163,1207430,463419,32752,63642,4574,58767,564778,4893,428,11371,14884,5685,320,17091,311889,27827,18666,280229,124432,217216,40880,46056,25603,1116738,115785,127042,917575
10/28/20,4517,89496,368337,45461,40999,3930,297013,43174,4590,15378,1243855,479621,34299,65933,4671,59434,589766,5144,450,12142,15659,5760,337,17392,319991,28697,19069,299049,128392,222559,42208,48943,28215,1136503,117913,135658,942275
10/29/20,4567,93949,392258,48150,43775,4051,310068,44034,4671,15566,1290446,498354,35510,68127,4719,60297,616595,5395,476,13090,16356,5866,347,17746,330255,29558,19564,319205,132616,229040,43592,51728,30705,1160083,121167,145044,965340
10/30/20,4665,99576,412314,51041,46547,4217,323673,45225,4771,15910,1339640,517736,37196,71413,4797,61059,647674,5679,513,13815,17134,5942,355,18066,341374,30488,20062,340834,137272,235586,45137,55091,32503,1185678,124355,154251,989745
10/31/20,4756,104925,429229,52844,49316,4366,335102,46351,4905,16113,1374691,531790,39251,75321,4865,61456,679430,5894,533,14815,17134,6042,359,18341,351178,31572,20331,362731,141279,241339,46954,57664,34307,1185678,124355,154251,1011660
11/1/20,4825,109881,441018,54069,51495,4563,341644,47299,4985,16291,1420870,544346,40929,79199,4890,62002,709335,6136,551,15698,17134,6182,366,18714,359861,32436,20635,379902,144341,246663,48403,59946,35649,1185678,124355,154251,1034914
11/2/20,4888,114016,447355,56496,52660,4760,350896,48241,5046,16400,1525184,569598,42080,82780,4931,62750,731588,6268,598,16532,19101,6400,375,19210,368147,32997,21339,395480,146847,250704,49205,61829,36206,1240697,124355,176177,1053864
11/3/20,4910,118198,452541,60537,54087,4934,362985,49594,5125,16637,1597139,577131,44246,86769,4957,63048,759829,6439,631,17425,19634,6506,397,19977,375890,33908,21956,414844,149443,258437,51083,63556,37382,1259366,134532,182303,1073882
11/4/20,5045,125099,468213,64591,56567,5100,378716,50530,5333,16930,1549838,608611,46892,90988,4989,63483,790377,6752,659,18078,20344,6590,412,20851,383523,35097,22578,439536,156940,267088,53495,66772,39408,1284408,137730,192376,1099059
11/5/20,5135,132515,479341,68345,59415,5333,391945,51753,5464,17119,1607147,631172,49807,94916,5017,64046,824879,7119,692,19070,21147,6764,430,21533,390488,36372,23229,466679,161350,276802,55676,68734,41094,1306316,141764,202504,1123197
11/6/20,5135,138979,488044,72184,62305,5557,403497,53180,5705,17385,1667604,653992,52254,99625,5039,64538,862681,7476,741,20720,21806,6893,454,22079,397730,37499,23835,493765,166900,287062,57958,71088,42658,1328832,146461,211913,1146484
11/7/20,5319,147220,494168,74485,64704,5871,411220,54230,5933,17385,1754202,668114,54809,104943,5063,64855,902490,7880,765,22660,21806,7039,483,22379,404401,38782,24243,521640,173540,296999,60635,73667,44270,1328832,146461,211913,1171441
11/8/20,5383,153153,500789,75160,67247,5987,414828,55121,6125,17797,1792764,682624,56698,109616,5078,65394,935104,8095,788,24636,21806,7141,486,22805,410065,39760,24732,546425,179324,303751,62747,75495,45161,1328832,146461,211913,1192013
11/9/20,5437,158746,503182,78976,68776,6098,417181,55892,6250,17887,1812919,689146,58187,114778,5101,65659,960373,8187,801,25674,23227,7243,490,23608,414745,40275,25325,568138,183420,306991,64065,76072,45625,1381218,146461,229222,1213363
11/10/20,5477,164866,507475,83366,70243,6296,429880,56958,6376,18107,1834515,715693,60570,118918,5114,65889,995463,8395,846,26782,23710,7396,512,24154,419412,41222,25887,593592,187237,314295,66888,77123,46717,1381218,162240,235202,1233775
11/11/20,5567,172380,515391,87311,72840,6461,438805,57952,6508,18345,1870380,738094,63321,122863,5142,66247,1028424,8848,877,28215,23710,7537,524,24865,424819,42540,26511,618813,192172,324094,70424,79181,48939,1417709,166707,243472,1256725
11/12/20,5616,181642,520393,90725,75922,6646,446675,58963,6881,18542,1902644,762832,66637,126790,5160,66632,1066401,9381,905,29769,25218,7646,532,25509,430453,43835,27228,641496,198011,334236,73765,81772,50870,1437220,171365,250396,1290195
11/13/20,5725,191228,525012,94937,78978,6853,454030,60000,7148,18858,1926314,785093,69675,131887,5170,67099,1107303,9836,928,31826,25931,7796,540,26109,436544,44898,27916,665547,204664,343725,77264,83796,52385,1458591,177355,257135,1317496
11/14/20,5725,198291,531280,97435,81844,7051,458229,61078,7412,19102,1958235,799733,72510,136723,5186,67526,1144552,10231,970,33351,25931,7917,545,26686,442458,46062,28434,691118,211266,353185,81086,85567,54122,1458591,177355,257135,1344356
11/15/20,5872,203956,535939,98251,84206,7178,460116,62136,7637,19315,1985427,802946,74205,140961,5189,67903,1178529,10547,985,34728,25931,8034,548,27177,447871,47050,28434,712972,217301,360281,84568,86767,55042,1458591,177355,257135,1369318
11/16/20,5914,208613,537871,101770,85519,7285,465523,63331,7848,19419,1994728,817526,76403,147456,5205,68356,1205881,10636,989,35876,27256,8137,552,27773,452701,47636,28434,733788,225672,365212,87381,87276,55544,1496864,177355,269974,1390681
11/17/20,5951,214597,540605,106598,87464,7513,469769,64551,8033,19647,2039938,843757,78825,152659,5215,68686,1238072,10914,1002,36842,27681,8247,557,28392,457003,48613,30114,752940,230124,373474,92375,88602,56937,1510023,192439,274534,1410732
11/18/20,6018,221688,545787,110536,90715,7711,475284,65808,8304,19935,2068297,867484,82034,156949,5226,69058,1272352,11356,1051,38783,28573,8420,565,29031,461612,50015,30770,772823,236015,383743,97988,89913,58964,1525341,196446,280648,1430341
11/19/20,6066,228683,550264,114435,93879,7979,481755,67105,8715,20286,2088784,891525,85261,161461,5231,69473,1308528,11722,1072,40452,29243,8560,573,29577,467257,51213,31441,796798,243009,393851,104097,91578,61034,1541574,201055,285655,1453256
11/20/20,6142,235351,553680,118418,96837,8211,487563,68362,9076,20747,2111646,914118,87812,165901,5251,69802,1345767,12102,1094,42721,29762,8681,577,30079,473190,52449,32014,819262,249498,403123,110351,93396,62580,1556730,208295,290601,1473508
11/21/20,6207,241962,556904,120697,100410,8456,490750,69635,9375,21216,2129287,927990,90121,170298,5269,70143,1380531,12744,1109,44699,29762,8822,581,30653,479260,53631,32352,843475,255970,412808,116125,95257,64284,1556730,208295,290601,1493383
11/22/20,6256,247188,558779,121820,103718,8643,492263,70485,9724,21639,2142417,932367,91619,174618,5277,70461,1408868,13120,1112,47008,29762,8924,582,31062,484648,54743,32765,861331,260758,418645,121120,96241,65308,1556730,208295,290601,1512045
11/23/20,6304,250333,559902,124966,105691,8947,496638,71654,9956,21936,2146869,946822,93006,177952,5289,70711,1431795,13236,1156,48197,31111,9004,583,31618,489818,55127,33183,876333,264802,422852,126187,96472,65778,1582616,208295,300352,1527495
11/24/20,6351,254710,561803,129348,108014,9199,502534,73021,10159,22289,2155722,963192,95137,181881,5298,70930,1455022,13693,1158,49368,31484,9137,587,32188,493744,56164,33717,909066,268721,430605,133029,97493,67080,1594844,225560,304593,1538794
11/25/20,6428,260512,564967,133060,111617,9453,505215,74204,10541,22652,2171967,995879,97288,185687,5312,71187,1480874,14273,1183,51656,32100,9253,594,32808,498653,57451,34268,924422,274011,440344,140608,99304,69306,1605066,230514,309469,1557007
11/26/20,6534,266038,567532,136628,115626,9673,511520,75395,10955,23148,2184846,1017830,99306,192047,5323,71494,1509875,15171,1208,53755,32873,9405,600,33316,503123,58608,34748,941112,280394,449349,148214,101257,71073,1617355,236355,313978,1574562
11/27/20,6610,270992,570829,139955,119706,9983,515984,76718,11323,23766,2197283,1038649,101287,198440,5346,71699,1538217,15808,1231,56085,33409,9501,603,33836,508866,59701,35193,958416,285838,457848,155994,103106,72674,1628208,243129,318290,1589301
11/28/20,6610,275661,574448,141747,123693,10231,518649,78354,11698,24307,2209739,1052494,103034,204708,5371,71942,1564532,16561,1253,58211,33409,9609,607,34454,513325,60723,35546,973593,290706,465982,163035,104632,74257,1628208,243129,318290,1605172
11/29/20,6712,279708,576599,142486,126612,10383,519723,79352,12052,24629,2219502,1055691,104227,211527,5381,72241,1585178,16975,1253,60176,33409,9752,608,34881,518910,61543,35828,985075,294799,471536,169214,105733,75381,1628208,243129,318290,1617327
11/30/20,6745,282456,577345,145300,128442,10565,523298,80481,12308,24912,2223393,1069912,105271,217122,5392,72544,1601554,17075,1270,61311,34678,9873,609,35265,523478,61878,36150,990811,298061,475362,175438,105929,75814,1648187,243129,327072,1629657
12/1/20,6790,285489,579212,148775,131342,10883,528474,81949,12497,25462,2231344,1094678,107470,221073,5413,72798,1620901,17687,1286,62511,35129,9975,617,35849,527523,62945,36591,999924,300462,479634,183437,107183,77135,1656444,260758,330874,1643086
12/2/20,6842,289461,582252,151913,134881,11175,533042,83535,13019,25882,2245324,1117953,109655,225209,5413,73066,1641610,18377,1318,64621,35802,10101,621,36351,532444,63890,36969,1013747,303846,484550,191356,109226,79566,1665775,266158,335660,1659256
12/3/20,6904,293430,584857,155193,139415,11523,537663,85140,13469,26422,2257894,1141544,111537,231844,5448,73228,1664829,19307,1339,67081,36429,10197,630,36932,538050,65231,37371,1028610,307618,492211,199158,111208,81349,1675902,272643,340115,1674134
12/4/20,6955,297245,587439,158807,143370,11812,542406,86743,13939,26758,2269080,1157514,113185,238056,5462,73491,1688939,19993,1351,69600,37017,10320,630,37467,543924,66330,37801,1041846,312553,500273,206940,113392,83133,1684647,278912,344497,1690432
12/5/20,7005,300689,589942,160844,147454,12181,544179,88858,14500,27218,2281889,1183640,114568,243581,5476,73948,1709991,20787,1378,72463,37017,10423,637,37879,550445,67311,38073,1054273,318640,508345,213843,115462,84775,1684647,278912,344497,1705971
12/6/20,7050,303430,591756,161421,150353,12451,546833,90603,14978,27631,2292838,1194550,115471,250278,5482,74246,1728878,21313,1396,74680,37017,10520,638,38246,557224,67968,38323,1063449,322474,513576,219652,116731,85805,1684647,278912,344497,1723242
12/7/20,7084,305693,592615,164185,152239,12867,546833,92649,15226,27881,2296249,1200006,116721,254148,5496,74468,1742557,21520,1397,76071,38476,10659,641,38562,564291,68332,38703,1067870,325071,517236,226209,117283,86288,1702328,278912,354306,1737960
12/8/20,7127,308070,594572,168165,154852,13286,551070,94799,15510,28242,2309760,1229269,118045,256367,5506,74682,1757394,22104,1404,77476,38476,10699,648,39153,570437,69452,39163,1076180,327976,524675,234027,119232,87936,1702328,297732,358568,1750241
12/9/20,7162,311002,597643,171493,159372,13286,556927,97357,16054,28732,2324300,1254358,119720,259588,5516,74900,1770149,22816,1432,80615,38476,10778,655,39607,576965,69954,39525,1088346,332073,532040,241831,121796,90075,1712101,304793,363654,1766819
12/10/20,7190,313688,600397,174568,163992,13649,563333,100489,16598,29572,2337594,1287092,121253,265003,5524,75203,1787147,23706,1441,83959,40037,10884,657,40165,585685,70883,40023,1102096,335207,539107,249224,124921,91922,1720056,312728,368695,1787783
12/11/20,7236,316581,600397,177665,168388,13649,569205,103564,16956,30073,2350923,1314309,122648,271200,5539,75507,1805873,24386,1466,87066,40755,10980,659,40546,594523,72044,40439,1115201,340287,545567,255758,127087,93737,1730575,320098,373831,1809455
12/12/20,7288,319822,603159,178952,172523,14476,575422,107116,17713,30450,2364740,1336101,123842,276247,5552,75756,1825775,25046,1482,90412,40755,11101,668,40948,603603,73025,40803,1126700,344700,551900,261437,130794,95481,1730575,320098,373831,1830956
12/13/20,7338,322463,608137,179449,175886,15101,579079,109758,18055,30810,2376228,1350810,124534,280400,5557,76185,1843712,25675,1514,93255,40755,11153,668,41426,613487,73638,41003,1135676,348744,556335,266432,132984,96314,1730575,320098,373831,1849403
12/14/20,7382,325051,609211,181544,177358,15450,581079,113095,18385,31110,2379291,1357261,125173,283870,5564,76449,1855737,25885,1566,95178,41900,11254,671,41803,621944,73851,41334,1140572,350938,559587,271364,133489,96745,1751884,320098,384557,1869666
12/15/20,7382,327679,611422,184287,179718,15789,586251,116087,18682,31459,2390419,1391086,126372,285763,5571,76776,1870576,26472,1579,96694,42250,11303,678,42148,628577,74732,41852,1147446,353576,565758,277248,135523,98281,1762212,341029,388828,1888116
12/16/20,7446,330343,615058,186246,183045,16190,594148,119779,19271,31870,2407983,1423830,127557,288567,5578,77197,1888144,27495,1600,100173,42845,11415,685,42563,639746,75597,42312,1159901,358296,571749,282601,139088,100401,1773290,348585,394453,1913277
12/17/20,7466,332828,618204,188288,186963,16190,602404,123813,20004,32228,2426063,1454009,128710,291549,5588,77678,1906377,28535,1635,103398,43279,11475,700,42995,652525,76251,42776,1171854,362616,577446,287730,142133,102043,1785421,357466,399511,1948660
12/18/20,7519,334913,621039,190027,190235,16647,610006,128321,20658,32582,2441737,1486839,129584,295977,5604,78254,1921778,29427,1676,106645,43728,11569,715,43390,664456,77134,43207,1182864,366952,582786,292640,146124,103555,1797236,367120,403989,1977167
12/19/20,7560,337209,623760,191029,192987,17476,618836,131606,21219,32853,2458839,1508518,130485,300022,5621,78776,1938083,30297,1711,109989,43728,11621,723,43709,676673,77949,43582,1194110,370787,587944,296528,149275,105013,1797236,367120,403989,2004219
12/20/20,7577,338854,625930,191195,194962,17688,624140,134434,21794,33162,2471458,1514962,131072,302989,5642,79542,1953185,30940,1758,112912,43728,11714,728,43955,689705,78305,43905,1202700,374121,591294,300062,151336,105899,1797236,367120,403989,2040147
12/21/20,7602,340373,626911,192472,195728,18004,627523,137632,22083,33414,2477255,1534218,131597,305130,5656,80267,1964054,31335,1784,115047,44582,11802,742,44284,700873,78434,44336,1207333,376220,593783,303747,152555,106294,1819249,367120,413991,2073511
12/22/20,7633,342226,629109,194271,197323,18004,635414,140175,22647,33717,2488889,1570371,132430,306368,5667,81228,1977370,32339,1826,117086,44809,11910,756,44542,710683,79190,44932,1214525,378656,598792,307827,155218,107805,1829903,389439,418266,2110314
12/23/20,7669,344357,632321,195886,200086,18883,646312,143472,23309,34084,2503693,1604129,133365,308262,5683,82155,1991278,33484,1858,120890,45209,11992,767,45062,721071,79815,45455,1226883,383258,604251,312253,158905,109934,1842289,396048,423299,2149551
12/24/20,7699,347204,634904,196658,202319,19316,660461,146341,24009,34447,2525234,1630596,134235,311554,5683,83073,2009317,34754,1920,124856,45209,12062,783,45423,732570,80407,45931,1239998,387636,608561,316344,161562,112021,1854951,396048,428197,2188587
12/25/20,7756,349055,637246,196915,203962,19366,664863,149333,24582,34648,2545358,1632736,134852,314164,5683,84098,2028354,35420,1980,127547,45209,12112,789,45945,744057,80896,46248,1249079,391782,612373,320167,165608,113815,1854951,396048,428197,2221312
12/26/20,7806,350484,638030,197384,204312,19391,667569,151167,25027,34821,2548388,1646240,135114,315362,5683,85394,2038759,35819,2000,129914,45209,12241,797,46327,753905,81425,46678,1253957,392996,613760,323367,166649,114184,1854951,396048,428197,2256005
12/27/20,7821,351892,638877,197716,204930,19657,670599,153347,25392,34977,2556621,1658639,135456,316060,5683,86129,2047696,36330,2018,131601,45209,12325,797,46694,762985,81721,47059,1257799,394573,615809,326060,167523,114806,1854951,396048,428197,2288345
12/28/20,7875,353484,639734,198053,205246,20408,674340,155826,25808,35137,2559575,1672643,135931,316669,5726,86894,2056277,36838,2038,133395,45849,12426,801,46969,770400,81804,47585,1261010,396666,618429,328619,168092,115327,1879413,396048,438284,2329730
12/29/20,7919,355352,641411,199491,206596,21315,685202,158447,26283,35420,2570767,1692109,136976,317571,5736,88439,2067487,37676,2069,135503,46088,12541,827,47404,777902,82301,48278,1268634,400002,623066,331755,170187,117305,1893502,428533,442481,2382865
12/30/20,7983,357902,644242,201220,208446,22019,701622,161230,27256,35858,2597124,1741153,137918,319543,5754,90157,2083689,39043,2104,139487,46415,12665,853,47782,787300,82794,49010,1281414,406051,627941,334991,173228,119740,1910218,437379,447905,2432888
12/31/20,8049,360815,646496,202266,210837,22019,718661,163479,27990,36107,2616902,1760520,138850,322514,5754,91779,2107166,40904,2136,141955,46415,12774,875,48247,796981,83329,49567,1294878,413678,632263,337923,179543,122152,1928265,437379,452296,2488780
1/1/21,8117,362911,648289,202540,212007,22818,732022,165930,28406,36403,2636045,1762637,139447,325278,5754,93532,2129376,41615,2175,145430,46415,12909,885,48589,805164,83743,49803,1305774,420629,636201,339997,184508,123950,1928265,437379,452296,2542065
1/2/21,8166,364302,649169,202880,212262,23445,735469,167541,28789,36604,2639404,1773540,139709,326688,5754,96926,2141201,41929,2202,146937,46415,12997,901,48856,813765,83789,50266,1312780,423870,637395,341904,186244,124343,1928265,437379,452296,2599789
1/3/21,8192,365768,650011,203051,212958,23974,740481,168711,29131,36772,2651893,1783896,140099,327995,5754,101887,2155446,42497,2222,148202,46415,13082,907,49195,821163,84024,50716,1318562,427254,640429,343870,187463,125086,1928265,437379,452296,2654779
1/4/21,8249,367410,650887,204080,213319,24639,746714,170787,29521,36919,2655915,1796216,140526,328851,5795,107997,2166244,43118,2224,149579,46986,13230,917,49630,827726,84129,51245,1322947,431623,643559,346585,188099,125858,1958844,437379,461961,2713563
1/5/21,8308,369721,652735,205390,214390,25208,759635,172779,29950,37218,2676195,1814565,141453,329721,5811,113322,2181619,43942,2246,151220,47149,13388,947,50054,834064,84709,52180,1330543,436579,648288,349238,191088,128370,1982544,469748,465981,2774479
1/6/21,8348,372190,655732,206392,216286,25781,776967,174995,30667,37549,2701215,1841228,142267,331768,5832,121154,2201945,45171,2295,154007,47430,13612,978,50697,841163,85328,52967,1344763,446606,654007,352120,196047,131724,1982544,469748,470789,2836801
1/7/21,8348,374730,658655,207259,216848,26208,794740,176837,31751,37772,2722728,1886561,142777,334836,5845,127657,2220361,46545,2309,156416,47592,13776,1018,51160,850790,85494,53792,1356882,456533,658958,353907,198184,134545,2024904,482284,474764,2889419
1/8/21,8489,376793,660703,208012,217946,26674,809601,178497,32537,38068,2742349,1905638,143494,337743,5867,135884,2237890,47782,2311,158474,47744,13967,1041,51596,858914,85594,54476,1365645,466709,663799,356125,201164,136629,2050360,489471,477983,2957472
1/9/21,8586,379071,662694,208406,219347,27011,822716,180240,33089,38392,2762120,1928462,144293,340459,5880,140727,2257866,48952,2329,160238,47744,14212,1053,51999,866235,86150,54919,1376389,476187,668202,356125,205236,138518,2050360,489471,477983,3017409
1/10/21,8586,380722,664263,208511,219993,27350,831165,181486,33516,38590,2777921,1929410,144738,342237,5890,147613,2276491,49568,2340,161741,47744,14396,1057,52431,872847,86494,55474,1385522,483689,671284,359689,208209,139281,2050360,489471,477983,3072349
1/11/21,8586,382258,665223,209131,220223,27638,835454,182725,33805,38790,2781503,1941116,145179,343656,5898,152539,2289021,49899,2346,162515,48027,14529,1070,52819,878263,86597,55903,1390385,489293,673271,361782,209069,139713,2111782,489471,484506,3118518
1/12/21,8682,383833,667322,209881,220982,27897,844799,183801,34138,39011,2800770,1968326,146020,344352,5912,155591,2303263,50777,2355,163527,48181,14769,1092,53338,883135,87117,56615,1395779,496552,676968,363924,211479,141587,2137220,506866,487357,3164051
1/13/21,8818,385750,670249,210416,222117,28124,855600,185159,34991,39335,2824473,1993892,146688,345710,5935,159144,2319036,52032,2370,165291,48372,14958,1128,53840,889221,87590,57282,1404905,507108,681392,366191,215055,143679,2176089,512203,490358,3211576
1/14/21,8868,389260,672886,210951,223097,28124,866522,185159,35621,39593,2845701,2015235,147283,347636,5948,163057,2336279,52982,2375,166736,48486,15079,1145,54316,895687,87986,57736,1414362,517806,684917,368072,217978,145472,2211967,518783,492832,3260258
1/15/21,8946,390788,675089,211503,223812,28609,874605,187320,36096,39911,2866413,2023828,147860,349149,5956,166548,2352423,54066,2378,167960,48630,15272,1169,54730,901696,88389,58202,1422320,528469,688270,369823,220707,147016,2252164,523486,495228,3316019
1/16/21,9038,392511,677209,211736,224575,28811,883906,188199,36691,40101,2887532,2038645,148370,350587,5956,169780,2368733,55097,2383,169194,48630,15447,1194,55136,906956,88749,58445,1429612,539416,691488,371216,222752,148556,2252164,523486,495228,3357361
1/17/21,9083,393778,678839,211813,224954,28968,889159,189088,37079,40337,2903975,2050129,148607,351828,5956,172726,2381277,55664,2389,170036,48630,15588,1205,55493,912554,88938,58651,1435582,549801,693644,372533,223325,149125,2252164,523486,495228,3395959
1/18/21,9083,394939,679771,212383,225128,29130,891852,189895,37344,40505,2907711,2059382,148925,352703,5970,174843,2390102,55908,2395,170513,48890,15742,1212,55803,917308,88992,59034,1438914,556503,695153,374111,224385,149424,2336451,523486,499931,3433494
1/19/21,9194,396425,681250,212927,225648,29294,899503,190619,37941,40722,2931050,2071615,149462,353276,5970,176839,2400598,56720,2398,171380,48975,15942,1240,56228,921580,89392,59456,1443804,566958,697898,375799,226294,151137,2370742,533265,502191,3466849
1/20/21,9308,398096,684256,213409,226550,29472,909131,191505,38544,41166,2957547,2100618,149973,354252,5975,179324,2414166,57808,2405,172612,49204,16129,1262,56579,927110,89463,59887,1450747,581605,700898,377445,228778,152851,2412318,537967,504918,3505754
1/21/21,9379,399798,686827,213864,227326,29636,917359,192265,39212,41565,2979915,2108895,150479,355662,5981,181922,2428221,58710,2415,173889,49319,16280,1287,56998,932884,89817,60259,1457755,595149,703776,379093,231242,154306,2456675,542952,507123,3543646
1/22/21,9416,401886,689271,214430,227969,29758,924847,193038,39701,41915,3002910,2125261,151041,356973,5981,184279,2441854,59586,2432,174922,49438,16423,1311,57482,938628,90124,60565,1464448,609136,706475,380802,233027,155752,2499560,547166,509279,3583907
1/23/21,9499,403512,691854,214696,228568,29887,933361,193917,40184,42334,3026320,2137691,151646,358317,5981,186184,2455185,60496,2437,175929,49438,16542,1345,57929,944042,90471,60803,1470879,624469,709194,382285,234571,157293,2499560,547166,509279,3617459
1/24/21,9549,404714,693666,214817,228920,30017,937617,194671,40716,42580,3044358,2147769,151980,359574,5981,187554,2466813,61008,2441,176702,49438,16658,1357,58316,948933,90654,61082,1475445,636190,711010,383603,236476,157830,2499560,547166,509279,3647463
1/25/21,9596,405723,694858,215589,229054,30143,940004,195296,40975,42772,3048598,2154656,152412,360418,5990,188923,2475372,61231,2454,177243,49733,16861,1368,58697,952950,90717,61315,1478119,643113,712561,385126,237027,158131,2593382,547166,513599,3669658
1/26/21,9638,407140,696642,216416,229502,30252,946946,195948,41330,43120,3070458,2164043,153226,360877,5992,189851,2485956,61924,2455,177934,49852,16999,1399,59262,956867,91161,61594,1482722,653878,715438,387206,238617,159812,2629817,556289,515483,3689746
1/27/21,9716,408781,699662,217014,230359,30380,956155,196540,41966,43616,3097374,2179679,154083,361881,6000,191182,2501147,63027,2458,179217,50089,17192,1413,59825,961593,91555,61961,1489512,668951,718612,389045,241392,161662,2670102,560472,517705,3715054
1/28/21,9779,410230,702437,217574,230978,30538,964660,197208,42656,44039,3120634,2194562,154796,363450,6001,192645,2515507,63992,2475,180160,50228,17400,1430,60288,966252,91891,62276,1496665,685383,721513,390637,243427,163235,2705001,564557,519404,3743734
1/29/21,9837,411730,705120,218269,231539,30657,972642,197664,43343,44402,3143417,2207393,155678,364909,6002,193892,2529070,64923,2484,181019,50388,17585,1430,60827,970602,92193,62575,1502810,698583,724250,392354,246008,164529,2743119,566957,521320,3772813
1/30/21,9885,413208,707837,218618,232090,30770,980714,198095,43747,44871,3167274,2224911,156473,366279,6002,195303,2541783,65708,2493,181740,50388,17721,1475,61202,974775,92518,62793,1508674,711018,726918,393897,248190,165887,2743119,566957,521320,3796088
1/31/21,9937,414398,710153,218748,232426,30876,984774,198472,44208,45238,3186354,2225659,156957,367586,6002,196547,2553032,66241,2493,182543,50388,17903,1489,61659,978475,92693,62966,1513385,720516,728743,395263,249913,166473,2743119,566957,521320,3817176
2/1/21,9972,415522,711417,219580,232520,30996,987329,198960,44575,45482,3190701,2232327,157495,368710,6009,197553,2560957,66652,2497,182898,50733,18027,1499,61972,981663,92753,63262,1515889,726321,730056,397002,250357,166836,2822805,566957,525095,3835783
2/2/21,10017,416763,713271,220547,232907,31124,994514,199357,44978,45784,3213360,2240017,158716,369288,6011,198424,2570608,67427,2497,183444,50923,18168,1543,62476,985224,93160,63553,1520215,731861,732732,398905,252094,168486,2851869,576606,526728,3852623
2/3/21,10070,418283,716395,221266,233637,31263,1003657,199782,45663,46049,3239256,2252504,159866,370336,6013,199430,2583790,68658,2509,184208,51128,18306,1572,63118,989237,93510,63839,1527016,740944,735484,400837,254826,170101,2883465,580916,528524,3871825
2/4/21,10137,419801,718847,222149,234153,31379,1013352,200335,46334,46493,3238798,2265536,160935,371988,6016,200744,2597446,69400,2513,184948,51330,18385,1596,63633,993430,93882,64212,1533511,748858,738152,402700,256903,171340,2913425,584674,530289,3892459
2/5/21,10172,421189,721432,223059,234702,31512,1021477,200773,46925,46894,3284085,2276371,162107,373564,6021,201763,2611659,70276,2518,185601,51512,18442,1625,64168,997751,94196,64483,1539564,755774,740732,404668,259533,172299,2941990,588062,531873,3911573
2/6/21,10206,422522,723870,223552,235126,31644,1030112,201186,47512,47262,3303273,2285003,163213,375125,6021,202548,2625098,71320,2518,186278,51512,18576,1647,64739,1001826,94599,64653,1545530,761906,743343,406352,261774,173201,2941990,588062,531873,3929835
2/7/21,10251,423839,725610,223734,235402,31759,1034975,201621,47928,47616,3322988,2291673,163946,376495,6021,203568,2636738,71800,2523,186770,51512,18676,1655,65227,1005760,94798,64772,1550255,765414,745318,407881,263326,173702,2941990,588062,531873,3945680
2/8/21,10275,424896,726483,224849,235473,31864,1037405,202051,48267,47969,3327305,2296323,164575,377655,6020,204397,2644707,72088,2526,187039,51879,18813,1665,65657,1007981,94871,65118,1552686,767919,746637,409841,264083,174000,2989085,588062,535153,3959784
2/9/21,10312,426093,728334,226061,235756,31959,1045132,202417,48809,48407,3345558,2302051,166067,378734,6025,204940,2655319,72869,2527,187421,52022,19015,1695,66234,1009725,95347,65338,1556685,770502,749434,411855,265807,174364,3005487,596174,536516,3972148
2/10/21,10352,427562,730951,226974,236333,32072,1055415,202887,49605,48807,3370645,2311297,167549,380013,6026,205939,2668266,73859,2532,187991,52247,19182,1717,66857,1012908,95736,65547,1563645,774889,752482,413943,268986,175795,3023601,600244,538118,3985161
2/11/21,10391,429139,733100,228044,236709,32175,1064952,203365,50280,49165,3390952,2321225,168872,381875,6026,206801,2683403,74701,2534,189058,52392,19333,1735,67441,1017302,96152,65811,1570658,778369,755126,415943,271473,177140,3041454,604577,539474,3998655
2/12/21,10427,430870,735220,229010,237080,32288,1073966,203793,50993,49572,3410996,2330422,170244,383735,6033,207720,2697296,75509,2537,189665,52539,19497,1752,68004,1021643,96518,66236,1577036,781223,757676,417871,273904,178133,3056035,608411,540727,4013799
2/13/21,10463,432303,737115,229516,237459,32390,1082849,204067,51749,50007,3431805,2336906,171466,385755,6033,208796,2710819,76282,2538,190241,52539,19651,1755,68476,1025837,96872,66392,1583621,784079,760091,419493,276234,179148,3056035,608411,540727,4027106
2/14/21,10503,433487,738631,229679,237657,32513,1088009,204362,52416,50319,3447518,2341744,172128,387462,6033,209582,2721879,76706,2539,190724,52539,19789,1760,68921,1029284,97052,66501,1588955,785756,761963,420879,277682,179477,3056035,608411,540727,4038078
2/15/21,10538,434712,739488,230747,237725,32626,1090860,204799,52827,50662,3451894,2346876,172824,388799,6039,210402,2729223,76984,2540,190937,52923,19945,1774,69294,1032094,97101,66854,1591497,787059,763294,422210,278254,179780,3086286,608411,543207,4047843
2/16/21,10555,436139,741205,232096,237999,32707,1099654,205183,53444,51047,3471268,2352766,173905,389622,6039,211113,2739591,77697,2540,191264,53062,20047,1787,69770,1034795,97456,67140,1596673,788561,765970,424020,279696,180520,3096343,617869,544282,4058468
2/17/21,10583,437874,743882,233342,238501,32828,1112322,205597,54300,51595,3495775,2362364,174659,391170,6044,211751,2751657,78643,2540,191821,53329,20246,1816,70174,1038156,97803,67498,1605372,790885,768785,426487,282864,181606,3107172,622102,545535,4071185
2/18/21,10610,439841,746302,234428,238866,32935,1123252,206065,55295,52209,3517177,2372209,176059,394023,6044,212647,2765412,79351,2542,192193,53562,20409,1835,70658,1042674,98174,67824,1614446,792829,771843,429048,285419,182484,3121687,627022,546754,4083242
2/19/21,10645,441659,749739,235891,239254,33046,1134957,206617,56246,52653,3541282,2381259,177494,397116,6045,213400,2780882,80040,2543,192986,53782,20563,1844,71112,1047400,98584,68107,1623218,794769,774555,431680,287752,183396,3133122,631166,547775,4095269
2/20/21,10672,443536,752379,236439,239685,33153,1146321,207081,57033,53285,3562707,2388421,178918,400111,6045,214378,2795796,81109,2545,193562,53782,20762,1862,71593,1051965,99031,68315,1631727,796339,777276,434122,290457,184352,3133122,631166,547775,4105675
2/21/21,10699,445374,754473,236666,239945,33260,1153159,207577,57616,53742,3584326,2394515,179802,403023,6045,215057,2809246,81519,2546,194051,53782,20892,1870,71995,1056639,99285,68532,1638767,797525,779695,436640,292143,184767,3133122,631166,547775,4115509
2/22/21,10712,446644,755594,238591,240017,33391,1157180,208027,58445,54132,3588972,2399499,180672,405646,6049,215743,2818863,81793,2550,194333,54172,21085,1885,72395,1060801,99408,68758,1642658,798074,781329,439596,292792,185014,3153971,631166,550224,4126150
2/23/21,10739,448371,757696,240391,240360,33567,1168491,208556,59407,54532,3608271,2405263,182783,407274,6049,216300,2832162,82462,2553,194833,54354,21306,1904,72969,1064598,99917,69148,1648962,799106,784711,442853,294790,185916,3161432,642099,551355,4134639
2/24/21,10775,450376,760809,242124,241048,33710,1184352,209079,60475,55122,3639501,2416037,184686,410129,6049,216840,2848564,83445,2553,195481,54678,21532,1916,73612,1068960,100632,69489,1661109,800586,788048,446313,298337,187005,3170644,647470,552698,4144577
2/25/21,10799,452767,763885,243946,241592,33909,1198168,209682,61627,55687,3664050,2427069,186469,414514,6049,217478,2868435,84258,2558,196049,54871,21724,1932,74183,1073971,101214,70040,1673252,801746,791971,449901,300775,187762,3180212,652465,553867,4154562
2/26/21,10822,454860,766654,245627,242097,34181,1212780,210212,62830,56407,3689034,2436506,188201,419182,6049,218251,2888923,84983,2564,196690,55110,21982,1942,74789,1079084,101762,70564,1684788,802773,795732,453240,303420,188676,3188553,657309,554932,4163085
2/27/21,10849,457317,769414,246706,242617,34424,1227595,210732,64399,57052,3712474,2444177,189831,424130,6049,218980,2907825,85810,2566,197343,55110,22219,1953,75332,1084021,102482,70826,1696885,803844,799164,456450,306268,189627,3188553,657309,554932,4170519
2/28/21,10866,459440,771511,247038,242973,34707,1235480,211195,65600,57672,3732426,2450295,191100,428599,6049,219592,2925265,86186,2567,199145,55110,22482,1956,75834,1088690,102787,71006,1706986,804562,801994,459259,308083,190081,3188553,657309,554932,4176554
3/1/21,10889,460849,772294,249626,243064,35009,1240051,211692,66628,58064,3736390,2455569,192270,432925,6054,220273,2938371,86458,2575,199398,55480,22657,1965,76283,1092452,103020,71735,1711772,804956,804090,462728,308925,190324,3204531,657309,557492,4182009
3/2/21,10908,462769,774344,252029,243458,35297,1252242,212224,67739,58645,3759247,2462061,194582,435689,6055,220630,2955434,87103,2576,199825,55632,22993,1965,76868,1096433,103746,72234,1719708,805647,808040,466885,311002,191056,3130184,669113,558622,4188400
3/3/21,10948,465322,777608,253183,244205,35620,1269058,212798,69193,59442,3785326,2472913,197279,439900,6058,221189,2976274,88022,2577,200351,55902,23226,1981,77493,1101430,104548,72923,1735406,806626,812318,470941,314359,192266,3136321,675292,559845,4194785
3/4/21,10976,467646,780251,255381,244872,36004,1284288,213318,70610,60200,3810605,2484306,199496,446178,6058,221649,2999119,88668,2582,200898,56110,23588,1997,78060,1105544,105269,73493,1750659,807456,816589,474807,317159,193285,3142358,680130,561068,4201358
3/5/21,10998,470314,783010,258385,245462,36277,1299002,213932,72144,60904,3833572,2493887,201677,452547,6059,222169,3023129,89414,2588,201335,56296,23871,2009,78634,1110213,106110,74183,1766490,808405,820931,478878,319582,194165,3149012,684961,562290,4207304
3/6/21,11019,472871,785809,259811,246120,36575,1312164,214326,73684,61552,3856182,2502151,203978,459816,6059,222699,3046762,90009,2589,201799,56296,24216,2019,79237,1115549,106832,74546,1781345,809412,824995,482397,322104,195086,3149012,684961,562290,4213343
3/7/21,11042,475070,787891,260308,246514,36878,1321331,214839,75003,62063,3878007,2508655,205120,466017,6059,223219,3067486,90331,2590,202214,56296,24398,2023,79774,1120075,107163,74942,1794914,810094,828283,485439,323390,195468,3149012,684961,562290,4218520
3/8/21,11069,476980,789008,263303,246608,37230,1325291,215264,76183,62522,3883334,2513784,206281,468713,6064,223651,3081368,90525,2592,202430,56677,24599,2028,80191,1123909,107479,75770,1801083,810459,830563,489530,323786,195678,3160970,684961,565034,4223232
3/9/21,11089,479391,791171,266805,247099,37650,1335815,215791,77491,63110,3906363,2520618,209462,475207,6067,223957,3101093,90997,2594,202900,56822,24847,2048,80803,1128202,108350,76484,1811036,811306,835552,494106,325993,196421,3164982,695975,566412,4228998
3/10/21,11130,481919,794605,269579,248061,38065,1351195,217798,78973,63889,3935990,2541781,212091,480860,6069,224588,3123368,91636,2594,203386,57056,25357,2062,81457,1133474,109262,77169,1828313,811948,840116,498696,329593,197374,3172101,701892,567903,4234924
3/11/21,11130,484916,798108,272700,248838,38496,1365724,218660,80929,64609,3963156,2546526,214661,489172,6070,225179,3149017,92274,2596,203992,57321,25640,2075,82029,1138796,110209,78041,1849424,812575,845352,503291,331571,198234,3178356,707192,569312,4241677
3/12/21,11199,488042,801723,275859,249661,38879,1376998,219305,82286,65315,3988194,2559296,217018,498183,6072,225820,3175807,92906,2601,204356,57503,25969,2097,82610,1144822,111077,78946,1868297,813152,850362,507959,333872,199004,3183704,712527,570645,4248286
3/13/21,11228,491065,805321,277878,250484,39277,1392108,219918,83872,66006,4017844,2569864,219521,507627,6072,226358,3201838,93484,2602,204954,57503,26267,2106,83165,1151218,112107,79800,1889360,813716,855326,512051,336235,199854,3183704,712527,570645,4253820
3/14/21,11266,493568,808283,278557,251045,39651,1399078,220459,84807,66869,4043769,2578842,221147,516490,6072,226741,3223142,93781,2612,205385,57503,26535,2107,83693,1157192,112646,80440,1906632,814257,859709,516277,337503,200374,3183704,712527,570645,4258438
3/15/21,11289,495464,809861,283194,251174,39869,1402420,221071,86086,67334,4050010,2585385,222281,524196,6083,227316,3238394,93959,2612,205644,57926,26748,2120,84163,1162661,112930,81305,1917527,814513,862681,520911,337960,200579,3195062,712527,573815,4263527
3/16/21,11319,497889,813026,287568,251865,40344,1412962,221842,87548,67851,4080012,2603064,223789,529122,6087,227663,3258770,94602,2615,206290,58111,27061,2135,84700,1167563,113929,82455,1931921,814897,868799,526112,339538,201497,3200024,725289,575253,4268821
3/17/21,11360,501224,818142,291769,253310,40726,1426991,222629,89331,68693,4117650,2610769,227247,532578,6089,228215,3281810,95420,2616,206889,58408,27272,2141,85253,1173487,115222,83519,1956974,815570,874985,531558,342430,202573,3206116,732070,577111,4274579
3/18/21,11393,504581,822801,295777,254507,41111,1439019,223415,91031,69497,4152604,2639258,230317,539080,6091,228796,3306711,95902,2620,207469,58674,27515,2149,85774,1179612,116438,84553,1984248,816055,881159,536904,344470,203544,3212332,738537,578861,4280882
3/19/21,11431,508096,827941,299939,255619,41475,1449696,224258,92780,70267,4187630,2654734,233079,549839,6097,229306,3332418,96524,2622,208048,58955,27694,2164,86282,1186987,117437,85542,2010244,816623,886752,542209,346149,204482,3212332,744272,580609,4285684
3/20/21,11481,511440,827941,302480,256805,41882,1459406,224848,94028,71123,4222935,2669233,235611,560971,6097,229831,3356331,97149,2627,208650,58955,27904,2173,86782,1194580,118736,86362,2036700,817080,892848,546896,347944,205509,3212332,744272,580609,4291271
3/21/21,11517,514153,837006,303423,257639,42218,1469547,225505,95401,71643,4252919,2670001,237125,571596,6097,230599,3376376,97409,2628,209011,58955,28128,2173,87212,1201545,119378,86939,2058550,817530,897115,551128,348869,206026,3212332,744272,580609,4296583
3/22/21,11545,516565,839238,307890,257789,42628,1467333,226777,96394,72073,4268711,2678262,238830,580642,6119,231119,3400877,97586,2632,209340,59497,28319,2182,87638,1207806,119828,88035,2073129,817778,900858,555897,349270,206317,3228803,744272,584252,4301925
3/23/21,11591,519980,842775,312741,258745,42993,1475538,227031,97456,72713,4283389,2699231,242347,586123,6122,231484,3419616,98094,2634,210202,59662,28409,2199,88116,1213366,120882,89120,2089869,818212,907007,561372,350551,207298,3234319,758335,586096,4307304
3/24/21,11638,523269,849090,317116,260636,43286,1486510,225030,99008,73516,4347614,2722988,245405,593710,6144,232164,3440862,98870,2636,211011,59907,28510,2210,88550,1220945,122227,90104,2120671,818787,913143,566669,352528,208588,3234319,765984,588118,4312908
3/25/21,11687,526393,854608,321104,262309,43610,1495361,225844,100437,74242,4393255,2744608,247992,603347,6158,232758,3464543,99476,2642,211804,60205,28612,2227,88991,1228647,123491,90935,2154821,819210,919794,571895,354182,209753,3247738,773690,590164,4319128
3/26/21,11732,530288,860731,325233,264111,43971,1503307,226633,101587,74754,4434884,2765297,249458,614612,6163,233327,3488619,100114,2645,212676,60465,28715,2248,89363,1236209,124910,92007,2189966,819698,926310,571895,355454,210785,3255324,780018,592217,4325315
3/27/21,11809,533786,866063,327770,265901,44305,1511021,227049,102738,75545,4477503,2782925,252590,624779,6163,233937,3512453,100716,2649,213447,60465,28808,2254,89732,1245007,126230,92469,2221725,820042,932179,581617,356985,212040,3255324,780018,592217,4329180
3/28/21,11850,536465,870757,328753,267222,44631,1515029,228013,103630,76003,4513685,2784652,254031,633861,6163,234541,3532057,101040,2658,213941,60465,28875,2259,90083,1252437,126938,93150,2250991,820407,936618,585506,357910,212678,3255324,780018,592217,4333042
3/29/21,11888,539541,872936,333250,267522,44991,1516772,228692,104214,76425,4522779,2794949,255755,641124,6183,235078,3544957,101207,2664,214365,61073,28938,2265,90418,1259155,127240,94139,2267964,820716,940443,585506,358115,212966,3270825,780018,596790,4337696
3/30/21,11944,542542,876842,338426,269009,45430,1523668,229902,105416,76845,4553481,2818630,260077,645733,6194,235444,3561012,101733,2664,215216,61255,28993,2282,90832,1264983,128511,95208,2288826,821104,946647,595489,359330,214045,3275819,796445,598713,4341736
3/31/21,12010,546229,882453,342633,271632,45864,1532332,230603,106424,77452,4611392,2843644,263689,652433,6205,235854,3584899,102363,2670,216119,61642,29033,2288,91218,1272616,130022,96079,2321717,821722,952803,600596,361185,215602,3284353,804886,601124,4345788
4/1/21,12053,549592,887920,346327,274054,46173,1539617,231265,107253,78106,4661841,2866323,267172,661721,6205,236600,3607083,103001,2675,217005,61881,29085,2305,91573,1280443,131424,96770,2356970,822314,958918,605406,362489,216939,3291394,813191,603092,4350266
4/2/21,12115,552729,892585,350340,276416,46878,1545865,231973,108418,78672,4708648,2882356,270230,670776,6205,237187,3629000,103588,2678,217865,62105,29127,2320,91906,1287696,132740,97410,2387511,822862,964726,610232,363874,218114,3291394,813191,605342,4353668
4/3/21,12174,556012,897474,352259,278650,47282,1549734,232718,108937,79094,4707488,2886029,273459,679413,6225,237695,3650247,103867,2679,218878,62105,29189,2326,92222,1295324,134134,98102,2415584,823142,970224,614365,364622,219420,3300965,813191,605342,4357091
4/4/21,12231,558755,900996,352999,280026,47713,1551896,233318,109399,79396,4788117,2896329,275414,685979,6225,238148,3668264,104105,2685,219607,62105,29223,2329,92519,1302146,134867,98676,2438542,823335,974375,617669,365242,220141,3300965,813191,605342,4359388
4/5/21,12286,560972,902964,356859,280164,48278,1553820,233797,109781,79737,4799078,2902309,277277,689853,6225,238466,3678944,104224,2697,220212,62105,29279,2334,92740,1307466,135167,99249,2448463,823494,977986,621375,365400,220425,3311325,813191,605342,4362150
